{
  "__type__": "cc.SpriteFrame",
  "content": {
    "name": "loading1",
    "atlas": "",
    "rect": {
      "x": 251,
      "y": 85,
      "width": 98,
      "height": 79
    },
    "offset": {
      "x": 122.5,
      "y": -2.5
    },
    "originalSize": {
      "width": 355,
      "height": 244
    },
    "rotated": false,
    "capInsets": [
      0,
      0,
      0,
      0
    ],
    "vertices": {
      "rawPosition": [
        -49,
        -39.5,
        0,
        49,
        -39.5,
        0,
        -49,
        39.5,
        0,
        49,
        39.5,
        0
      ],
      "indexes": [
        0,
        1,
        2,
        2,
        1,
        3
      ],
      "uv": [
        251,
        159,
        349,
        159,
        251,
        80,
        349,
        80
      ],
      "nuv": [
        0.7070422535211267,
        0.32786885245901637,
        0.9830985915492958,
        0.32786885245901637,
        0.7070422535211267,
        0.6516393442622951,
        0.9830985915492958,
        0.6516393442622951
      ],
      "minPos": {
        "x": -49,
        "y": -39.5,
        "z": 0
      },
      "maxPos": {
        "x": 49,
        "y": 39.5,
        "z": 0
      }
    },
    "texture": "54b20c02-cd54-4b15-84cb-26d9f49b2489@6c48a",
    "packable": true,
    "pixelsToUnit": 100,
    "pivot": {
      "x": 0.5,
      "y": 0.5
    },
    "meshType": 0
  }
}