{
  "__type__": "cc.SpriteFrame",
  "content": {
    "name": "zhaunpan_xiangqing_tankuang",
    "atlas": "",
    "rect": {
      "x": 0,
      "y": 5,
      "width": 827,
      "height": 439
    },
    "offset": {
      "x": 0,
      "y": -2.5
    },
    "originalSize": {
      "width": 827,
      "height": 444
    },
    "rotated": false,
    "capInsets": [
      0,
      0,
      0,
      0
    ],
    "vertices": {
      "rawPosition": [
        -413.5,
        -219.5,
        0,
        413.5,
        -219.5,
        0,
        -413.5,
        219.5,
        0,
        413.5,
        219.5,
        0
      ],
      "indexes": [
        0,
        1,
        2,
        2,
        1,
        3
      ],
      "uv": [
        0,
        439,
        827,
        439,
        0,
        0,
        827,
        0
      ],
      "nuv": [
        0,
        0,
        1,
        0,
        0,
        0.9887387387387387,
        1,
        0.9887387387387387
      ],
      "minPos": {
        "x": -413.5,
        "y": -219.5,
        "z": 0
      },
      "maxPos": {
        "x": 413.5,
        "y": 219.5,
        "z": 0
      }
    },
    "texture": "aedf84bb-1fa9-4440-a71d-951eb842b158@6c48a",
    "packable": true,
    "pixelsToUnit": 100,
    "pivot": {
      "x": 0.5,
      "y": 0.5
    },
    "meshType": 0
  }
}