{
  "__type__": "cc.SpriteFrame",
  "content": {
    "name": "loading13",
    "atlas": "",
    "rect": {
      "x": 68,
      "y": 0,
      "width": 276,
      "height": 235
    },
    "offset": {
      "x": 28.5,
      "y": 4.5
    },
    "originalSize": {
      "width": 355,
      "height": 244
    },
    "rotated": false,
    "capInsets": [
      0,
      0,
      0,
      0
    ],
    "vertices": {
      "rawPosition": [
        -138,
        -117.5,
        0,
        138,
        -117.5,
        0,
        -138,
        117.5,
        0,
        138,
        117.5,
        0
      ],
      "indexes": [
        0,
        1,
        2,
        2,
        1,
        3
      ],
      "uv": [
        68,
        244,
        344,
        244,
        68,
        9,
        344,
        9
      ],
      "nuv": [
        0.19154929577464788,
        0.036885245901639344,
        0.9690140845070423,
        0.036885245901639344,
        0.19154929577464788,
        1,
        0.9690140845070423,
        1
      ],
      "minPos": {
        "x": -138,
        "y": -117.5,
        "z": 0
      },
      "maxPos": {
        "x": 138,
        "y": 117.5,
        "z": 0
      }
    },
    "texture": "be24846f-e4b6-4a24-9278-d77221fc92bd@6c48a",
    "packable": true,
    "pixelsToUnit": 100,
    "pivot": {
      "x": 0.5,
      "y": 0.5
    },
    "meshType": 0
  }
}