{
  "__type__": "cc.SpriteFrame",
  "content": {
    "name": "icon_dating_loading",
    "atlas": "",
    "rect": {
      "x": 3,
      "y": 2,
      "width": 83,
      "height": 73
    },
    "offset": {
      "x": 0.5,
      "y": 5.5
    },
    "originalSize": {
      "width": 88,
      "height": 88
    },
    "rotated": false,
    "capInsets": [
      0,
      0,
      0,
      0
    ],
    "vertices": {
      "rawPosition": [
        -41.5,
        -36.5,
        0,
        41.5,
        -36.5,
        0,
        -41.5,
        36.5,
        0,
        41.5,
        36.5,
        0
      ],
      "indexes": [
        0,
        1,
        2,
        2,
        1,
        3
      ],
      "uv": [
        3,
        86,
        86,
        86,
        3,
        13,
        86,
        13
      ],
      "nuv": [
        0.03409090909090909,
        0.14772727272727273,
        0.9772727272727273,
        0.14772727272727273,
        0.03409090909090909,
        0.9772727272727273,
        0.9772727272727273,
        0.9772727272727273
      ],
      "minPos": {
        "x": -41.5,
        "y": -36.5,
        "z": 0
      },
      "maxPos": {
        "x": 41.5,
        "y": 36.5,
        "z": 0
      }
    },
    "texture": "5650ccf0-83ac-4454-a7cb-a2ed661a545a@6c48a",
    "packable": true,
    "pixelsToUnit": 100,
    "pivot": {
      "x": 0.5,
      "y": 0.5
    },
    "meshType": 0
  }
}