{
  "__type__": "cc.SpriteFrame",
  "content": {
    "name": "panel_hall_down",
    "atlas": "",
    "rect": {
      "x": 5,
      "y": 1,
      "width": 1331,
      "height": 127
    },
    "offset": {
      "x": 0.5,
      "y": -0.5
    },
    "originalSize": {
      "width": 1340,
      "height": 128
    },
    "rotated": false,
    "capInsets": [
      0,
      0,
      0,
      0
    ],
    "vertices": {
      "rawPosition": [
        -665.5,
        -63.5,
        0,
        665.5,
        -63.5,
        0,
        -665.5,
        63.5,
        0,
        665.5,
        63.5,
        0
      ],
      "indexes": [
        0,
        1,
        2,
        2,
        1,
        3
      ],
      "uv": [
        5,
        127,
        1336,
        127,
        5,
        0,
        1336,
        0
      ],
      "nuv": [
        0.0037313432835820895,
        0,
        0.9970149253731343,
        0,
        0.0037313432835820895,
        0.9921875,
        0.9970149253731343,
        0.9921875
      ],
      "minPos": {
        "x": -665.5,
        "y": -63.5,
        "z": 0
      },
      "maxPos": {
        "x": 665.5,
        "y": 63.5,
        "z": 0
      }
    },
    "texture": "5747e9ab-ff50-4886-a2c8-08a5d36aeab3@6c48a",
    "packable": true,
    "pixelsToUnit": 100,
    "pivot": {
      "x": 0.5,
      "y": 0.5
    },
    "meshType": 0
  }
}