{
  "__type__": "cc.SpriteFrame",
  "content": {
    "name": "title_dt_chongzhixuanze",
    "atlas": "",
    "rect": {
      "x": 3,
      "y": 1,
      "width": 309,
      "height": 107
    },
    "offset": {
      "x": 1,
      "y": 1
    },
    "originalSize": {
      "width": 313,
      "height": 111
    },
    "rotated": false,
    "capInsets": [
      0,
      0,
      0,
      0
    ],
    "vertices": {
      "rawPosition": [
        -154.5,
        -53.5,
        0,
        154.5,
        -53.5,
        0,
        -154.5,
        53.5,
        0,
        154.5,
        53.5,
        0
      ],
      "indexes": [
        0,
        1,
        2,
        2,
        1,
        3
      ],
      "uv": [
        3,
        110,
        312,
        110,
        3,
        3,
        312,
        3
      ],
      "nuv": [
        0.009584664536741214,
        0.02702702702702703,
        0.9968051118210862,
        0.02702702702702703,
        0.009584664536741214,
        0.990990990990991,
        0.9968051118210862,
        0.990990990990991
      ],
      "minPos": {
        "x": -154.5,
        "y": -53.5,
        "z": 0
      },
      "maxPos": {
        "x": 154.5,
        "y": 53.5,
        "z": 0
      }
    },
    "texture": "f4767eff-b400-4986-956f-a9052c144eea@6c48a",
    "packable": true,
    "pixelsToUnit": 100,
    "pivot": {
      "x": 0.5,
      "y": 0.5
    },
    "meshType": 0
  }
}