{
  "__type__": "cc.SpriteFrame",
  "content": {
    "name": "title_dt_chongzhixuanze",
    "atlas": "",
    "rect": {
      "x": 3,
      "y": 3,
      "width": 247,
      "height": 114
    },
    "offset": {
      "x": 0,
      "y": -1
    },
    "originalSize": {
      "width": 253,
      "height": 118
    },
    "rotated": false,
    "capInsets": [
      0,
      0,
      0,
      0
    ],
    "vertices": {
      "rawPosition": [
        -123.5,
        -57,
        0,
        123.5,
        -57,
        0,
        -123.5,
        57,
        0,
        123.5,
        57,
        0
      ],
      "indexes": [
        0,
        1,
        2,
        2,
        1,
        3
      ],
      "uv": [
        3,
        115,
        250,
        115,
        3,
        1,
        250,
        1
      ],
      "nuv": [
        0.011857707509881422,
        0.00847457627118644,
        0.9881422924901185,
        0.00847457627118644,
        0.011857707509881422,
        0.9745762711864406,
        0.9881422924901185,
        0.9745762711864406
      ],
      "minPos": {
        "x": -123.5,
        "y": -57,
        "z": 0
      },
      "maxPos": {
        "x": 123.5,
        "y": 57,
        "z": 0
      }
    },
    "texture": "f4767eff-b400-4986-956f-a9052c144eea@6c48a",
    "packable": true,
    "pixelsToUnit": 100,
    "pivot": {
      "x": 0.5,
      "y": 0.5
    },
    "meshType": 0
  }
}