{
  "__type__": "cc.SpriteFrame",
  "content": {
    "name": "xiaoxitongzhi_dikuang",
    "atlas": "",
    "rect": {
      "x": 6,
      "y": 0,
      "width": 388,
      "height": 39
    },
    "offset": {
      "x": -1,
      "y": 0
    },
    "originalSize": {
      "width": 402,
      "height": 39
    },
    "rotated": false,
    "capInsets": [
      0,
      0,
      0,
      0
    ],
    "vertices": {
      "rawPosition": [
        -194,
        -19.5,
        0,
        194,
        -19.5,
        0,
        -194,
        19.5,
        0,
        194,
        19.5,
        0
      ],
      "indexes": [
        0,
        1,
        2,
        2,
        1,
        3
      ],
      "uv": [
        6,
        39,
        394,
        39,
        6,
        0,
        394,
        0
      ],
      "nuv": [
        0.014925373134328358,
        0,
        0.9800995024875622,
        0,
        0.014925373134328358,
        1,
        0.9800995024875622,
        1
      ],
      "minPos": {
        "x": -194,
        "y": -19.5,
        "z": 0
      },
      "maxPos": {
        "x": 194,
        "y": 19.5,
        "z": 0
      }
    },
    "texture": "44c40188-3b65-48e5-9c2c-681c9a2e6a4e@6c48a",
    "packable": true,
    "pixelsToUnit": 100,
    "pivot": {
      "x": 0.5,
      "y": 0.5
    },
    "meshType": 0
  }
}