{
  "__type__": "cc.SpriteFrame",
  "content": {
    "name": "zhuanpandilan2",
    "atlas": "",
    "rect": {
      "x": 0,
      "y": 1,
      "width": 421,
      "height": 511
    },
    "offset": {
      "x": 0,
      "y": -0.5
    },
    "originalSize": {
      "width": 421,
      "height": 512
    },
    "rotated": false,
    "capInsets": [
      0,
      0,
      0,
      0
    ],
    "vertices": {
      "rawPosition": [
        -210.5,
        -255.5,
        0,
        210.5,
        -255.5,
        0,
        -210.5,
        255.5,
        0,
        210.5,
        255.5,
        0
      ],
      "indexes": [
        0,
        1,
        2,
        2,
        1,
        3
      ],
      "uv": [
        0,
        511,
        421,
        511,
        0,
        0,
        421,
        0
      ],
      "nuv": [
        0,
        0,
        1,
        0,
        0,
        0.998046875,
        1,
        0.998046875
      ],
      "minPos": {
        "x": -210.5,
        "y": -255.5,
        "z": 0
      },
      "maxPos": {
        "x": 210.5,
        "y": 255.5,
        "z": 0
      }
    },
    "texture": "d02a0e2e-ee14-4af6-896e-5269060d3252@6c48a",
    "packable": true,
    "pixelsToUnit": 100,
    "pivot": {
      "x": 0.5,
      "y": 0.5
    },
    "meshType": 0
  }
}