{
  "__type__": "cc.SpriteFrame",
  "content": {
    "name": "img_prohibit_login",
    "atlas": "",
    "rect": {
      "x": 2,
      "y": 1,
      "width": 737,
      "height": 470
    },
    "offset": {
      "x": 0.5,
      "y": 0.5
    },
    "originalSize": {
      "width": 740,
      "height": 473
    },
    "rotated": false,
    "capInsets": [
      0,
      0,
      0,
      0
    ],
    "vertices": {
      "rawPosition": [
        -368.5,
        -235,
        0,
        368.5,
        -235,
        0,
        -368.5,
        235,
        0,
        368.5,
        235,
        0
      ],
      "indexes": [
        0,
        1,
        2,
        2,
        1,
        3
      ],
      "uv": [
        2,
        472,
        739,
        472,
        2,
        2,
        739,
        2
      ],
      "nuv": [
        0.002702702702702703,
        0.004228329809725159,
        0.9986486486486487,
        0.004228329809725159,
        0.002702702702702703,
        0.9978858350951374,
        0.9986486486486487,
        0.9978858350951374
      ],
      "minPos": {
        "x": -368.5,
        "y": -235,
        "z": 0
      },
      "maxPos": {
        "x": 368.5,
        "y": 235,
        "z": 0
      }
    },
    "texture": "d0371b65-a437-41a7-86ca-7a642e4404e3@6c48a",
    "packable": true,
    "pixelsToUnit": 100,
    "pivot": {
      "x": 0.5,
      "y": 0.5
    },
    "meshType": 0
  }
}