{
  "__type__": "cc.SpriteFrame",
  "content": {
    "name": "img_prohibit_login",
    "atlas": "",
    "rect": {
      "x": 1,
      "y": 0,
      "width": 739,
      "height": 514
    },
    "offset": {
      "x": 0.5,
      "y": 3
    },
    "originalSize": {
      "width": 740,
      "height": 520
    },
    "rotated": false,
    "capInsets": [
      0,
      0,
      0,
      0
    ],
    "vertices": {
      "rawPosition": [
        -369.5,
        -257,
        0,
        369.5,
        -257,
        0,
        -369.5,
        257,
        0,
        369.5,
        257,
        0
      ],
      "indexes": [
        0,
        1,
        2,
        2,
        1,
        3
      ],
      "uv": [
        1,
        520,
        740,
        520,
        1,
        6,
        740,
        6
      ],
      "nuv": [
        0.0013513513513513514,
        0.011538461538461539,
        1,
        0.011538461538461539,
        0.0013513513513513514,
        1,
        1,
        1
      ],
      "minPos": {
        "x": -369.5,
        "y": -257,
        "z": 0
      },
      "maxPos": {
        "x": 369.5,
        "y": 257,
        "z": 0
      }
    },
    "texture": "d0371b65-a437-41a7-86ca-7a642e4404e3@6c48a",
    "packable": true,
    "pixelsToUnit": 100,
    "pivot": {
      "x": 0.5,
      "y": 0.5
    },
    "meshType": 0
  }
}