{
  "__type__": "cc.SpriteFrame",
  "content": {
    "name": "panel_common_bg2",
    "atlas": "",
    "rect": {
      "x": 0,
      "y": 6,
      "width": 740,
      "height": 500
    },
    "offset": {
      "x": 0,
      "y": -3
    },
    "originalSize": {
      "width": 740,
      "height": 506
    },
    "rotated": false,
    "capInsets": [
      176,
      58,
      130,
      76
    ],
    "vertices": {
      "rawPosition": [
        -370,
        -250,
        0,
        370,
        -250,
        0,
        -370,
        250,
        0,
        370,
        250,
        0
      ],
      "indexes": [
        0,
        1,
        2,
        2,
        1,
        3
      ],
      "uv": [
        0,
        500,
        740,
        500,
        0,
        0,
        740,
        0
      ],
      "nuv": [
        0,
        0,
        1,
        0,
        0,
        0.9881422924901185,
        1,
        0.9881422924901185
      ],
      "minPos": {
        "x": -370,
        "y": -250,
        "z": 0
      },
      "maxPos": {
        "x": 370,
        "y": 250,
        "z": 0
      }
    },
    "texture": "c3a5732f-e303-4975-8302-6407504da523@6c48a",
    "packable": true,
    "pixelsToUnit": 100,
    "pivot": {
      "x": 0.5,
      "y": 0.5
    },
    "meshType": 0
  }
}