{
  "__type__": "cc.SpriteFrame",
  "content": {
    "name": "front_gift_4_0",
    "atlas": "",
    "rect": {
      "x": 1,
      "y": 1,
      "width": 246,
      "height": 61
    },
    "offset": {
      "x": -4,
      "y": 224.5
    },
    "originalSize": {
      "width": 256,
      "height": 512
    },
    "rotated": false,
    "capInsets": [
      0,
      0,
      0,
      0
    ],
    "vertices": {
      "rawPosition": [
        -123,
        -30.5,
        0,
        123,
        -30.5,
        0,
        -123,
        30.5,
        0,
        123,
        30.5,
        0
      ],
      "indexes": [
        0,
        1,
        2,
        2,
        1,
        3
      ],
      "uv": [
        1,
        511,
        247,
        511,
        1,
        450,
        247,
        450
      ],
      "nuv": [
        0.00390625,
        0.87890625,
        0.96484375,
        0.87890625,
        0.00390625,
        0.998046875,
        0.96484375,
        0.998046875
      ],
      "minPos": {
        "x": -123,
        "y": -30.5,
        "z": 0
      },
      "maxPos": {
        "x": 123,
        "y": 30.5,
        "z": 0
      }
    },
    "texture": "c3dcba9a-7c92-4737-b3ba-11155fcbd49a@6c48a",
    "packable": true,
    "pixelsToUnit": 100,
    "pivot": {
      "x": 0.5,
      "y": 0.5
    },
    "meshType": 0
  }
}