{
  "__type__": "cc.SpriteFrame",
  "content": {
    "name": "bg_dating_gonggaoban",
    "atlas": "",
    "rect": {
      "x": 1,
      "y": 1,
      "width": 338,
      "height": 308
    },
    "offset": {
      "x": 0.5,
      "y": 3.5
    },
    "originalSize": {
      "width": 339,
      "height": 317
    },
    "rotated": false,
    "capInsets": [
      0,
      0,
      0,
      0
    ],
    "vertices": {
      "rawPosition": [
        -169,
        -154,
        0,
        169,
        -154,
        0,
        -169,
        154,
        0,
        169,
        154,
        0
      ],
      "indexes": [
        0,
        1,
        2,
        2,
        1,
        3
      ],
      "uv": [
        1,
        316,
        339,
        316,
        1,
        8,
        339,
        8
      ],
      "nuv": [
        0.0029498525073746312,
        0.025236593059936908,
        1,
        0.025236593059936908,
        0.0029498525073746312,
        0.9968454258675079,
        1,
        0.9968454258675079
      ],
      "minPos": {
        "x": -169,
        "y": -154,
        "z": 0
      },
      "maxPos": {
        "x": 169,
        "y": 154,
        "z": 0
      }
    },
    "texture": "c0216ea0-a839-432d-871c-877baca022ad@6c48a",
    "packable": true,
    "pixelsToUnit": 100,
    "pivot": {
      "x": 0.5,
      "y": 0.5
    },
    "meshType": 0
  }
}