{
  "__type__": "cc.SpriteFrame",
  "content": {
    "name": "ID_4",
    "atlas": "",
    "rect": {
      "x": 2,
      "y": 1,
      "width": 385,
      "height": 267
    },
    "offset": {
      "x": -0.5,
      "y": 0
    },
    "originalSize": {
      "width": 390,
      "height": 269
    },
    "rotated": false,
    "capInsets": [
      0,
      0,
      0,
      0
    ],
    "vertices": {
      "rawPosition": [
        -192.5,
        -133.5,
        0,
        192.5,
        -133.5,
        0,
        -192.5,
        133.5,
        0,
        192.5,
        133.5,
        0
      ],
      "indexes": [
        0,
        1,
        2,
        2,
        1,
        3
      ],
      "uv": [
        2,
        268,
        387,
        268,
        2,
        1,
        387,
        1
      ],
      "nuv": [
        0.005128205128205128,
        0.0037174721189591076,
        0.9923076923076923,
        0.0037174721189591076,
        0.005128205128205128,
        0.9962825278810409,
        0.9923076923076923,
        0.9962825278810409
      ],
      "minPos": {
        "x": -192.5,
        "y": -133.5,
        "z": 0
      },
      "maxPos": {
        "x": 192.5,
        "y": 133.5,
        "z": 0
      }
    },
    "texture": "da7768c3-2df9-4dea-a222-98d96a3cbeac@6c48a",
    "packable": true,
    "pixelsToUnit": 100,
    "pivot": {
      "x": 0.5,
      "y": 0.5
    },
    "meshType": 0
  }
}