{
  "__type__": "cc.SpriteFrame",
  "content": {
    "name": "bg_remind_box",
    "atlas": "",
    "rect": {
      "x": 2,
      "y": 1,
      "width": 692,
      "height": 280
    },
    "offset": {
      "x": 0,
      "y": 0
    },
    "originalSize": {
      "width": 696,
      "height": 282
    },
    "rotated": false,
    "capInsets": [
      0,
      0,
      0,
      0
    ],
    "vertices": {
      "rawPosition": [
        -346,
        -140,
        0,
        346,
        -140,
        0,
        -346,
        140,
        0,
        346,
        140,
        0
      ],
      "indexes": [
        0,
        1,
        2,
        2,
        1,
        3
      ],
      "uv": [
        2,
        281,
        694,
        281,
        2,
        1,
        694,
        1
      ],
      "nuv": [
        0.0028735632183908046,
        0.0035460992907801418,
        0.9971264367816092,
        0.0035460992907801418,
        0.0028735632183908046,
        0.9964539007092199,
        0.9971264367816092,
        0.9964539007092199
      ],
      "minPos": {
        "x": -346,
        "y": -140,
        "z": 0
      },
      "maxPos": {
        "x": 346,
        "y": 140,
        "z": 0
      }
    },
    "texture": "73ecdaaf-7562-4ddf-b82b-71e5616a02a4@6c48a",
    "packable": true,
    "pixelsToUnit": 100,
    "pivot": {
      "x": 0.5,
      "y": 0.5
    },
    "meshType": 0
  }
}