{
  "__type__": "cc.SpriteFrame",
  "content": {
    "name": "img_shop_bg2",
    "atlas": "",
    "rect": {
      "x": 1,
      "y": 0,
      "width": 110,
      "height": 113
    },
    "offset": {
      "x": 0,
      "y": 0.5
    },
    "originalSize": {
      "width": 112,
      "height": 114
    },
    "rotated": false,
    "capInsets": [
      15,
      15,
      15,
      19
    ],
    "vertices": {
      "rawPosition": [
        -55,
        -56.5,
        0,
        55,
        -56.5,
        0,
        -55,
        56.5,
        0,
        55,
        56.5,
        0
      ],
      "indexes": [
        0,
        1,
        2,
        2,
        1,
        3
      ],
      "uv": [
        1,
        114,
        111,
        114,
        1,
        1,
        111,
        1
      ],
      "nuv": [
        0.008928571428571428,
        0.008771929824561403,
        0.9910714285714286,
        0.008771929824561403,
        0.008928571428571428,
        1,
        0.9910714285714286,
        1
      ],
      "minPos": {
        "x": -55,
        "y": -56.5,
        "z": 0
      },
      "maxPos": {
        "x": 55,
        "y": 56.5,
        "z": 0
      }
    },
    "texture": "965cef44-8ba1-4843-a0b2-f1872b39105c@6c48a",
    "packable": true,
    "pixelsToUnit": 100,
    "pivot": {
      "x": 0.5,
      "y": 0.5
    },
    "meshType": 0
  }
}