{
  "__type__": "cc.SpriteFrame",
  "content": {
    "name": "maintenance_popup_bg",
    "atlas": "",
    "rect": {
      "x": 2,
      "y": 1,
      "width": 736,
      "height": 469
    },
    "offset": {
      "x": 0,
      "y": 1
    },
    "originalSize": {
      "width": 740,
      "height": 473
    },
    "rotated": false,
    "capInsets": [
      0,
      0,
      0,
      0
    ],
    "vertices": {
      "rawPosition": [
        -368,
        -234.5,
        0,
        368,
        -234.5,
        0,
        -368,
        234.5,
        0,
        368,
        234.5,
        0
      ],
      "indexes": [
        0,
        1,
        2,
        2,
        1,
        3
      ],
      "uv": [
        2,
        472,
        738,
        472,
        2,
        3,
        738,
        3
      ],
      "nuv": [
        0.002702702702702703,
        0.006342494714587738,
        0.9972972972972973,
        0.006342494714587738,
        0.002702702702702703,
        0.9978858350951374,
        0.9972972972972973,
        0.9978858350951374
      ],
      "minPos": {
        "x": -368,
        "y": -234.5,
        "z": 0
      },
      "maxPos": {
        "x": 368,
        "y": 234.5,
        "z": 0
      }
    },
    "texture": "0e1d1717-0de8-4949-85dd-004ceb260551@6c48a",
    "packable": true,
    "pixelsToUnit": 100,
    "pivot": {
      "x": 0.5,
      "y": 0.5
    },
    "meshType": 0
  }
}