{
  "__type__": "cc.SpriteFrame",
  "content": {
    "name": "panel_award_bg",
    "atlas": "",
    "rect": {
      "x": 3,
      "y": 2,
      "width": 982,
      "height": 670
    },
    "offset": {
      "x": 0.5,
      "y": 0
    },
    "originalSize": {
      "width": 987,
      "height": 674
    },
    "rotated": false,
    "capInsets": [
      0,
      0,
      0,
      0
    ],
    "vertices": {
      "rawPosition": [
        -491,
        -335,
        0,
        491,
        -335,
        0,
        -491,
        335,
        0,
        491,
        335,
        0
      ],
      "indexes": [
        0,
        1,
        2,
        2,
        1,
        3
      ],
      "uv": [
        3,
        672,
        985,
        672,
        3,
        2,
        985,
        2
      ],
      "nuv": [
        0.00303951367781155,
        0.002967359050445104,
        0.9979736575481256,
        0.002967359050445104,
        0.00303951367781155,
        0.9970326409495549,
        0.9979736575481256,
        0.9970326409495549
      ],
      "minPos": {
        "x": -491,
        "y": -335,
        "z": 0
      },
      "maxPos": {
        "x": 491,
        "y": 335,
        "z": 0
      }
    },
    "texture": "40ba5b70-a587-4a05-8955-fd6a81f29371@6c48a",
    "packable": true,
    "pixelsToUnit": 100,
    "pivot": {
      "x": 0.5,
      "y": 0.5
    },
    "meshType": 0
  }
}