{
  "__type__": "cc.SpriteFrame",
  "content": {
    "name": "shanchuxian",
    "atlas": "",
    "rect": {
      "x": 1,
      "y": 0,
      "width": 286,
      "height": 19
    },
    "offset": {
      "x": 0,
      "y": 0
    },
    "originalSize": {
      "width": 288,
      "height": 19
    },
    "rotated": false,
    "capInsets": [
      0,
      0,
      0,
      0
    ],
    "vertices": {
      "rawPosition": [
        -143,
        -9.5,
        0,
        143,
        -9.5,
        0,
        -143,
        9.5,
        0,
        143,
        9.5,
        0
      ],
      "indexes": [
        0,
        1,
        2,
        2,
        1,
        3
      ],
      "uv": [
        1,
        19,
        287,
        19,
        1,
        0,
        287,
        0
      ],
      "nuv": [
        0.003472222222222222,
        0,
        0.9965277777777778,
        0,
        0.003472222222222222,
        1,
        0.9965277777777778,
        1
      ],
      "minPos": {
        "x": -143,
        "y": -9.5,
        "z": 0
      },
      "maxPos": {
        "x": 143,
        "y": 9.5,
        "z": 0
      }
    },
    "texture": "cdb64747-6f58-4b8e-b9ee-6f0e06ac2e6b@6c48a",
    "packable": true,
    "pixelsToUnit": 100,
    "pivot": {
      "x": 0.5,
      "y": 0.5
    },
    "meshType": 0
  }
}