{
  "__type__": "cc.SpriteFrame",
  "content": {
    "name": "btn_type_all1",
    "atlas": "",
    "rect": {
      "x": 1,
      "y": 1,
      "width": 75,
      "height": 31
    },
    "offset": {
      "x": 0,
      "y": 0
    },
    "originalSize": {
      "width": 77,
      "height": 33
    },
    "rotated": false,
    "capInsets": [
      0,
      0,
      0,
      0
    ],
    "vertices": {
      "rawPosition": [
        -37.5,
        -15.5,
        0,
        37.5,
        -15.5,
        0,
        -37.5,
        15.5,
        0,
        37.5,
        15.5,
        0
      ],
      "indexes": [
        0,
        1,
        2,
        2,
        1,
        3
      ],
      "uv": [
        1,
        32,
        76,
        32,
        1,
        1,
        76,
        1
      ],
      "nuv": [
        0.012987012987012988,
        0.030303030303030304,
        0.987012987012987,
        0.030303030303030304,
        0.012987012987012988,
        0.9696969696969697,
        0.987012987012987,
        0.9696969696969697
      ],
      "minPos": {
        "x": -37.5,
        "y": -15.5,
        "z": 0
      },
      "maxPos": {
        "x": 37.5,
        "y": 15.5,
        "z": 0
      }
    },
    "texture": "df467cf9-d29e-429d-81e4-a36500690ff8@6c48a",
    "packable": true,
    "pixelsToUnit": 100,
    "pivot": {
      "x": 0.5,
      "y": 0.5
    },
    "meshType": 0
  }
}