{
  "__type__": "cc.SpriteFrame",
  "content": {
    "name": "num_shop_num_0",
    "atlas": "",
    "rect": {
      "x": 1,
      "y": 1,
      "width": 155,
      "height": 16
    },
    "offset": {
      "x": -49.5,
      "y": 55
    },
    "originalSize": {
      "width": 256,
      "height": 128
    },
    "rotated": false,
    "capInsets": [
      0,
      0,
      0,
      0
    ],
    "vertices": {
      "rawPosition": [
        -77.5,
        -8,
        0,
        77.5,
        -8,
        0,
        -77.5,
        8,
        0,
        77.5,
        8,
        0
      ],
      "indexes": [
        0,
        1,
        2,
        2,
        1,
        3
      ],
      "uv": [
        1,
        127,
        156,
        127,
        1,
        111,
        156,
        111
      ],
      "nuv": [
        0.00390625,
        0.8671875,
        0.609375,
        0.8671875,
        0.00390625,
        0.9921875,
        0.609375,
        0.9921875
      ],
      "minPos": {
        "x": -77.5,
        "y": -8,
        "z": 0
      },
      "maxPos": {
        "x": 77.5,
        "y": 8,
        "z": 0
      }
    },
    "texture": "df646871-f963-42f6-9ce9-25673f8609ba@6c48a",
    "packable": true,
    "pixelsToUnit": 100,
    "pivot": {
      "x": 0.5,
      "y": 0.5
    },
    "meshType": 0
  }
}