{
  "__type__": "cc.SpriteFrame",
  "content": {
    "name": "front_gift_1_0",
    "atlas": "",
    "rect": {
      "x": 1,
      "y": 1,
      "width": 241,
      "height": 81
    },
    "offset": {
      "x": -6.5,
      "y": 22.5
    },
    "originalSize": {
      "width": 256,
      "height": 128
    },
    "rotated": false,
    "capInsets": [
      0,
      0,
      0,
      0
    ],
    "vertices": {
      "rawPosition": [
        -120.5,
        -40.5,
        0,
        120.5,
        -40.5,
        0,
        -120.5,
        40.5,
        0,
        120.5,
        40.5,
        0
      ],
      "indexes": [
        0,
        1,
        2,
        2,
        1,
        3
      ],
      "uv": [
        1,
        127,
        242,
        127,
        1,
        46,
        242,
        46
      ],
      "nuv": [
        0.00390625,
        0.359375,
        0.9453125,
        0.359375,
        0.00390625,
        0.9921875,
        0.9453125,
        0.9921875
      ],
      "minPos": {
        "x": -120.5,
        "y": -40.5,
        "z": 0
      },
      "maxPos": {
        "x": 120.5,
        "y": 40.5,
        "z": 0
      }
    },
    "texture": "23a715c3-1016-4729-82a9-3957f2a78a13@6c48a",
    "packable": true,
    "pixelsToUnit": 100,
    "pivot": {
      "x": 0.5,
      "y": 0.5
    },
    "meshType": 0
  }
}