{
  "__type__": "cc.SpriteFrame",
  "content": {
    "name": "word_shop_coin1",
    "atlas": "",
    "rect": {
      "x": 1,
      "y": 1,
      "width": 165,
      "height": 38
    },
    "offset": {
      "x": 0.5,
      "y": 0
    },
    "originalSize": {
      "width": 166,
      "height": 40
    },
    "rotated": false,
    "capInsets": [
      0,
      0,
      0,
      0
    ],
    "vertices": {
      "rawPosition": [
        -82.5,
        -19,
        0,
        82.5,
        -19,
        0,
        -82.5,
        19,
        0,
        82.5,
        19,
        0
      ],
      "indexes": [
        0,
        1,
        2,
        2,
        1,
        3
      ],
      "uv": [
        1,
        39,
        166,
        39,
        1,
        1,
        166,
        1
      ],
      "nuv": [
        0.006024096385542169,
        0.025,
        1,
        0.025,
        0.006024096385542169,
        0.975,
        1,
        0.975
      ],
      "minPos": {
        "x": -82.5,
        "y": -19,
        "z": 0
      },
      "maxPos": {
        "x": 82.5,
        "y": 19,
        "z": 0
      }
    },
    "texture": "23af709e-301c-45c8-8ec5-bde88bdf3aeb@6c48a",
    "packable": true,
    "pixelsToUnit": 100,
    "pivot": {
      "x": 0.5,
      "y": 0.5
    },
    "meshType": 0
  }
}