{
  "__type__": "cc.SpriteFrame",
  "content": {
    "name": "word_shop_coin1",
    "atlas": "",
    "rect": {
      "x": 1,
      "y": 1,
      "width": 83,
      "height": 37
    },
    "offset": {
      "x": 0,
      "y": 0
    },
    "originalSize": {
      "width": 85,
      "height": 39
    },
    "rotated": false,
    "capInsets": [
      0,
      0,
      0,
      0
    ],
    "vertices": {
      "rawPosition": [
        -41.5,
        -18.5,
        0,
        41.5,
        -18.5,
        0,
        -41.5,
        18.5,
        0,
        41.5,
        18.5,
        0
      ],
      "indexes": [
        0,
        1,
        2,
        2,
        1,
        3
      ],
      "uv": [
        1,
        38,
        84,
        38,
        1,
        1,
        84,
        1
      ],
      "nuv": [
        0.011764705882352941,
        0.02564102564102564,
        0.9882352941176471,
        0.02564102564102564,
        0.011764705882352941,
        0.9743589743589743,
        0.9882352941176471,
        0.9743589743589743
      ],
      "minPos": {
        "x": -41.5,
        "y": -18.5,
        "z": 0
      },
      "maxPos": {
        "x": 41.5,
        "y": 18.5,
        "z": 0
      }
    },
    "texture": "23af709e-301c-45c8-8ec5-bde88bdf3aeb@6c48a",
    "packable": true,
    "pixelsToUnit": 100,
    "pivot": {
      "x": 0.5,
      "y": 0.5
    },
    "meshType": 0
  }
}