{
  "__type__": "cc.SpriteFrame",
  "content": {
    "name": "btn_bank_in",
    "atlas": "",
    "rect": {
      "x": 1,
      "y": 0,
      "width": 53,
      "height": 53
    },
    "offset": {
      "x": 0,
      "y": 0.5
    },
    "originalSize": {
      "width": 55,
      "height": 54
    },
    "rotated": false,
    "capInsets": [
      0,
      0,
      0,
      0
    ],
    "vertices": {
      "rawPosition": [
        -26.5,
        -26.5,
        0,
        26.5,
        -26.5,
        0,
        -26.5,
        26.5,
        0,
        26.5,
        26.5,
        0
      ],
      "indexes": [
        0,
        1,
        2,
        2,
        1,
        3
      ],
      "uv": [
        1,
        54,
        54,
        54,
        1,
        1,
        54,
        1
      ],
      "nuv": [
        0.01818181818181818,
        0.018518518518518517,
        0.9818181818181818,
        0.018518518518518517,
        0.01818181818181818,
        1,
        0.9818181818181818,
        1
      ],
      "minPos": {
        "x": -26.5,
        "y": -26.5,
        "z": 0
      },
      "maxPos": {
        "x": 26.5,
        "y": 26.5,
        "z": 0
      }
    },
    "texture": "c92f0f5b-2f47-475d-af49-2993b703ce91@6c48a",
    "packable": true,
    "pixelsToUnit": 100,
    "pivot": {
      "x": 0.5,
      "y": 0.5
    },
    "meshType": 0
  }
}