{
  "__type__": "cc.SpriteFrame",
  "content": {
    "name": "icon_gold",
    "atlas": "",
    "rect": {
      "x": 1,
      "y": 2,
      "width": 37,
      "height": 36
    },
    "offset": {
      "x": 0.5,
      "y": 0
    },
    "originalSize": {
      "width": 38,
      "height": 40
    },
    "rotated": false,
    "capInsets": [
      0,
      0,
      0,
      0
    ],
    "vertices": {
      "rawPosition": [
        -18.5,
        -18,
        0,
        18.5,
        -18,
        0,
        -18.5,
        18,
        0,
        18.5,
        18,
        0
      ],
      "indexes": [
        0,
        1,
        2,
        2,
        1,
        3
      ],
      "uv": [
        1,
        38,
        38,
        38,
        1,
        2,
        38,
        2
      ],
      "nuv": [
        0.02631578947368421,
        0.05,
        1,
        0.05,
        0.02631578947368421,
        0.95,
        1,
        0.95
      ],
      "minPos": {
        "x": -18.5,
        "y": -18,
        "z": 0
      },
      "maxPos": {
        "x": 18.5,
        "y": 18,
        "z": 0
      }
    },
    "texture": "ced17582-6495-47d4-a89d-60710f881186@6c48a",
    "packable": true,
    "pixelsToUnit": 100,
    "pivot": {
      "x": 0.5,
      "y": 0.5
    },
    "meshType": 0
  }
}