{
  "__type__": "cc.SpriteFrame",
  "content": {
    "name": "icon_gold",
    "atlas": "",
    "rect": {
      "x": 0,
      "y": 1,
      "width": 35,
      "height": 35
    },
    "offset": {
      "x": 0,
      "y": 0
    },
    "originalSize": {
      "width": 35,
      "height": 37
    },
    "rotated": false,
    "capInsets": [
      0,
      0,
      0,
      0
    ],
    "vertices": {
      "rawPosition": [
        -17.5,
        -17.5,
        0,
        17.5,
        -17.5,
        0,
        -17.5,
        17.5,
        0,
        17.5,
        17.5,
        0
      ],
      "indexes": [
        0,
        1,
        2,
        2,
        1,
        3
      ],
      "uv": [
        0,
        36,
        35,
        36,
        0,
        1,
        35,
        1
      ],
      "nuv": [
        0,
        0.02702702702702703,
        1,
        0.02702702702702703,
        0,
        0.972972972972973,
        1,
        0.972972972972973
      ],
      "minPos": {
        "x": -17.5,
        "y": -17.5,
        "z": 0
      },
      "maxPos": {
        "x": 17.5,
        "y": 17.5,
        "z": 0
      }
    },
    "texture": "ced17582-6495-47d4-a89d-60710f881186@6c48a",
    "packable": true,
    "pixelsToUnit": 100,
    "pivot": {
      "x": 0.5,
      "y": 0.5
    },
    "meshType": 0
  }
}