{
  "__type__": "cc.SpriteFrame",
  "content": {
    "name": "welcome_font_0",
    "atlas": "",
    "rect": {
      "x": 0,
      "y": 0,
      "width": 511,
      "height": 118
    },
    "offset": {
      "x": -0.5,
      "y": 69
    },
    "originalSize": {
      "width": 512,
      "height": 256
    },
    "rotated": false,
    "capInsets": [
      0,
      0,
      0,
      0
    ],
    "vertices": {
      "rawPosition": [
        -255.5,
        -59,
        0,
        255.5,
        -59,
        0,
        -255.5,
        59,
        0,
        255.5,
        59,
        0
      ],
      "indexes": [
        0,
        1,
        2,
        2,
        1,
        3
      ],
      "uv": [
        0,
        256,
        511,
        256,
        0,
        138,
        511,
        138
      ],
      "nuv": [
        0,
        0.5390625,
        0.998046875,
        0.5390625,
        0,
        1,
        0.998046875,
        1
      ],
      "minPos": {
        "x": -255.5,
        "y": -59,
        "z": 0
      },
      "maxPos": {
        "x": 255.5,
        "y": 59,
        "z": 0
      }
    },
    "texture": "43e15b09-40f8-48c3-80cd-7eb8e04eb1ce@6c48a",
    "packable": true,
    "pixelsToUnit": 100,
    "pivot": {
      "x": 0.5,
      "y": 0.5
    },
    "meshType": 0
  }
}