{
  "__type__": "cc.SpriteFrame",
  "content": {
    "name": "welcome_font_0",
    "atlas": "",
    "rect": {
      "x": 1,
      "y": 1,
      "width": 508,
      "height": 122
    },
    "offset": {
      "x": -1,
      "y": 66
    },
    "originalSize": {
      "width": 512,
      "height": 256
    },
    "rotated": false,
    "capInsets": [
      0,
      0,
      0,
      0
    ],
    "vertices": {
      "rawPosition": [
        -254,
        -61,
        0,
        254,
        -61,
        0,
        -254,
        61,
        0,
        254,
        61,
        0
      ],
      "indexes": [
        0,
        1,
        2,
        2,
        1,
        3
      ],
      "uv": [
        1,
        255,
        509,
        255,
        1,
        133,
        509,
        133
      ],
      "nuv": [
        0.001953125,
        0.51953125,
        0.994140625,
        0.51953125,
        0.001953125,
        0.99609375,
        0.994140625,
        0.99609375
      ],
      "minPos": {
        "x": -254,
        "y": -61,
        "z": 0
      },
      "maxPos": {
        "x": 254,
        "y": 61,
        "z": 0
      }
    },
    "texture": "43e15b09-40f8-48c3-80cd-7eb8e04eb1ce@6c48a",
    "packable": true,
    "pixelsToUnit": 100,
    "pivot": {
      "x": 0.5,
      "y": 0.5
    },
    "meshType": 0
  }
}