{
  "__type__": "cc.SpriteFrame",
  "content": {
    "name": "btn_hall_add",
    "atlas": "",
    "rect": {
      "x": 1,
      "y": 1,
      "width": 45,
      "height": 41
    },
    "offset": {
      "x": 0.5,
      "y": 0.5
    },
    "originalSize": {
      "width": 46,
      "height": 44
    },
    "rotated": false,
    "capInsets": [
      0,
      0,
      0,
      0
    ],
    "vertices": {
      "rawPosition": [
        -22.5,
        -20.5,
        0,
        22.5,
        -20.5,
        0,
        -22.5,
        20.5,
        0,
        22.5,
        20.5,
        0
      ],
      "indexes": [
        0,
        1,
        2,
        2,
        1,
        3
      ],
      "uv": [
        1,
        43,
        46,
        43,
        1,
        2,
        46,
        2
      ],
      "nuv": [
        0.021739130434782608,
        0.045454545454545456,
        1,
        0.045454545454545456,
        0.021739130434782608,
        0.9772727272727273,
        1,
        0.9772727272727273
      ],
      "minPos": {
        "x": -22.5,
        "y": -20.5,
        "z": 0
      },
      "maxPos": {
        "x": 22.5,
        "y": 20.5,
        "z": 0
      }
    },
    "texture": "c6bc9686-1438-4819-80b5-224435c75a66@6c48a",
    "packable": true,
    "pixelsToUnit": 100,
    "pivot": {
      "x": 0.5,
      "y": 0.5
    },
    "meshType": 0
  }
}