{
  "__type__": "cc.SpriteFrame",
  "content": {
    "name": "bg_rukou_vipnew",
    "atlas": "",
    "rect": {
      "x": 6,
      "y": 6,
      "width": 132,
      "height": 134
    },
    "offset": {
      "x": 0,
      "y": 0.5
    },
    "originalSize": {
      "width": 144,
      "height": 147
    },
    "rotated": false,
    "capInsets": [
      0,
      0,
      0,
      0
    ],
    "vertices": {
      "rawPosition": [
        -66,
        -67,
        0,
        66,
        -67,
        0,
        -66,
        67,
        0,
        66,
        67,
        0
      ],
      "indexes": [
        0,
        1,
        2,
        2,
        1,
        3
      ],
      "uv": [
        6,
        141,
        138,
        141,
        6,
        7,
        138,
        7
      ],
      "nuv": [
        0.041666666666666664,
        0.047619047619047616,
        0.9583333333333334,
        0.047619047619047616,
        0.041666666666666664,
        0.9591836734693877,
        0.9583333333333334,
        0.9591836734693877
      ],
      "minPos": {
        "x": -66,
        "y": -67,
        "z": 0
      },
      "maxPos": {
        "x": 66,
        "y": 67,
        "z": 0
      }
    },
    "texture": "c6d41955-f56b-48a4-b90b-cc743e1cc44c@6c48a",
    "packable": true,
    "pixelsToUnit": 100,
    "pivot": {
      "x": 0.5,
      "y": 0.5
    },
    "meshType": 0
  }
}