{
  "__type__": "cc.SpriteFrame",
  "content": {
    "name": "word_award_title",
    "atlas": "",
    "rect": {
      "x": 3,
      "y": 3,
      "width": 157,
      "height": 72
    },
    "offset": {
      "x": 0.5,
      "y": 0
    },
    "originalSize": {
      "width": 162,
      "height": 78
    },
    "rotated": false,
    "capInsets": [
      0,
      0,
      0,
      0
    ],
    "vertices": {
      "rawPosition": [
        -78.5,
        -36,
        0,
        78.5,
        -36,
        0,
        -78.5,
        36,
        0,
        78.5,
        36,
        0
      ],
      "indexes": [
        0,
        1,
        2,
        2,
        1,
        3
      ],
      "uv": [
        3,
        75,
        160,
        75,
        3,
        3,
        160,
        3
      ],
      "nuv": [
        0.018518518518518517,
        0.038461538461538464,
        0.9876543209876543,
        0.038461538461538464,
        0.018518518518518517,
        0.9615384615384616,
        0.9876543209876543,
        0.9615384615384616
      ],
      "minPos": {
        "x": -78.5,
        "y": -36,
        "z": 0
      },
      "maxPos": {
        "x": 78.5,
        "y": 36,
        "z": 0
      }
    },
    "texture": "64617997-a44f-43c1-9394-81bf38266e2f@6c48a",
    "packable": true,
    "pixelsToUnit": 100,
    "pivot": {
      "x": 0.5,
      "y": 0.5
    },
    "meshType": 0
  }
}