{
  "__type__": "cc.SpriteFrame",
  "content": {
    "name": "word_shop_tas1",
    "atlas": "",
    "rect": {
      "x": 1,
      "y": 0,
      "width": 144,
      "height": 45
    },
    "offset": {
      "x": 0.5,
      "y": 0.5
    },
    "originalSize": {
      "width": 145,
      "height": 46
    },
    "rotated": false,
    "capInsets": [
      0,
      0,
      0,
      0
    ],
    "vertices": {
      "rawPosition": [
        -72,
        -22.5,
        0,
        72,
        -22.5,
        0,
        -72,
        22.5,
        0,
        72,
        22.5,
        0
      ],
      "indexes": [
        0,
        1,
        2,
        2,
        1,
        3
      ],
      "uv": [
        1,
        46,
        145,
        46,
        1,
        1,
        145,
        1
      ],
      "nuv": [
        0.006896551724137931,
        0.021739130434782608,
        1,
        0.021739130434782608,
        0.006896551724137931,
        1,
        1,
        1
      ],
      "minPos": {
        "x": -72,
        "y": -22.5,
        "z": 0
      },
      "maxPos": {
        "x": 72,
        "y": 22.5,
        "z": 0
      }
    },
    "texture": "4a48ae35-3391-47c8-b317-b31003771ee1@6c48a",
    "packable": true,
    "pixelsToUnit": 100,
    "pivot": {
      "x": 0.5,
      "y": 0.5
    },
    "meshType": 0
  }
}