{
  "__type__": "cc.SpriteFrame",
  "content": {
    "name": "word_shop_tas1",
    "atlas": "",
    "rect": {
      "x": 1,
      "y": 1,
      "width": 193,
      "height": 38
    },
    "offset": {
      "x": 0,
      "y": 0
    },
    "originalSize": {
      "width": 195,
      "height": 40
    },
    "rotated": false,
    "capInsets": [
      0,
      0,
      0,
      0
    ],
    "vertices": {
      "rawPosition": [
        -96.5,
        -19,
        0,
        96.5,
        -19,
        0,
        -96.5,
        19,
        0,
        96.5,
        19,
        0
      ],
      "indexes": [
        0,
        1,
        2,
        2,
        1,
        3
      ],
      "uv": [
        1,
        39,
        194,
        39,
        1,
        1,
        194,
        1
      ],
      "nuv": [
        0.005128205128205128,
        0.025,
        0.9948717948717949,
        0.025,
        0.005128205128205128,
        0.975,
        0.9948717948717949,
        0.975
      ],
      "minPos": {
        "x": -96.5,
        "y": -19,
        "z": 0
      },
      "maxPos": {
        "x": 96.5,
        "y": 19,
        "z": 0
      }
    },
    "texture": "4a48ae35-3391-47c8-b317-b31003771ee1@6c48a",
    "packable": true,
    "pixelsToUnit": 100,
    "pivot": {
      "x": 0.5,
      "y": 0.5
    },
    "meshType": 0
  }
}