{
  "__type__": "cc.SpriteFrame",
  "content": {
    "name": "word_withdrawal_biaya",
    "atlas": "",
    "rect": {
      "x": 1,
      "y": 2,
      "width": 234,
      "height": 24
    },
    "offset": {
      "x": 0.5,
      "y": -1
    },
    "originalSize": {
      "width": 235,
      "height": 26
    },
    "rotated": false,
    "capInsets": [
      0,
      0,
      0,
      0
    ],
    "vertices": {
      "rawPosition": [
        -117,
        -12,
        0,
        117,
        -12,
        0,
        -117,
        12,
        0,
        117,
        12,
        0
      ],
      "indexes": [
        0,
        1,
        2,
        2,
        1,
        3
      ],
      "uv": [
        1,
        24,
        235,
        24,
        1,
        0,
        235,
        0
      ],
      "nuv": [
        0.00425531914893617,
        0,
        1,
        0,
        0.00425531914893617,
        0.9230769230769231,
        1,
        0.9230769230769231
      ],
      "minPos": {
        "x": -117,
        "y": -12,
        "z": 0
      },
      "maxPos": {
        "x": 117,
        "y": 12,
        "z": 0
      }
    },
    "texture": "8dfd0058-eabf-4cb3-9a68-495818cc5533@6c48a",
    "packable": true,
    "pixelsToUnit": 100,
    "pivot": {
      "x": 0.5,
      "y": 0.5
    },
    "meshType": 0
  }
}