{
  "__type__": "cc.SpriteFrame",
  "content": {
    "name": "bg_gift_daojubox",
    "atlas": "",
    "rect": {
      "x": 0,
      "y": 1,
      "width": 470,
      "height": 445
    },
    "offset": {
      "x": 0,
      "y": -0.5
    },
    "originalSize": {
      "width": 470,
      "height": 446
    },
    "rotated": false,
    "capInsets": [
      55,
      174,
      55,
      87
    ],
    "vertices": {
      "rawPosition": [
        -235,
        -222.5,
        0,
        235,
        -222.5,
        0,
        -235,
        222.5,
        0,
        235,
        222.5,
        0
      ],
      "indexes": [
        0,
        1,
        2,
        2,
        1,
        3
      ],
      "uv": [
        0,
        445,
        470,
        445,
        0,
        0,
        470,
        0
      ],
      "nuv": [
        0,
        0,
        1,
        0,
        0,
        0.9977578475336323,
        1,
        0.9977578475336323
      ],
      "minPos": {
        "x": -235,
        "y": -222.5,
        "z": 0
      },
      "maxPos": {
        "x": 235,
        "y": 222.5,
        "z": 0
      }
    },
    "texture": "ac30b258-89c1-477d-8dca-1b0d846d45c2@6c48a",
    "packable": true,
    "pixelsToUnit": 100,
    "pivot": {
      "x": 0.5,
      "y": 0.5
    },
    "meshType": 0
  }
}