{
  "__type__": "cc.SpriteFrame",
  "content": {
    "name": "btn_hall_bag",
    "atlas": "",
    "rect": {
      "x": 1,
      "y": 2,
      "width": 78,
      "height": 81
    },
    "offset": {
      "x": -0.5,
      "y": 0
    },
    "originalSize": {
      "width": 81,
      "height": 85
    },
    "rotated": false,
    "capInsets": [
      0,
      0,
      0,
      0
    ],
    "vertices": {
      "rawPosition": [
        -39,
        -40.5,
        0,
        39,
        -40.5,
        0,
        -39,
        40.5,
        0,
        39,
        40.5,
        0
      ],
      "indexes": [
        0,
        1,
        2,
        2,
        1,
        3
      ],
      "uv": [
        1,
        83,
        79,
        83,
        1,
        2,
        79,
        2
      ],
      "nuv": [
        0.012345679012345678,
        0.023529411764705882,
        0.9753086419753086,
        0.023529411764705882,
        0.012345679012345678,
        0.9764705882352941,
        0.9753086419753086,
        0.9764705882352941
      ],
      "minPos": {
        "x": -39,
        "y": -40.5,
        "z": 0
      },
      "maxPos": {
        "x": 39,
        "y": 40.5,
        "z": 0
      }
    },
    "texture": "f5a78319-0edb-48b2-b3d2-6d8b3054b239@6c48a",
    "packable": true,
    "pixelsToUnit": 100,
    "pivot": {
      "x": 0.5,
      "y": 0.5
    },
    "meshType": 0
  }
}