{
  "__type__": "cc.SpriteFrame",
  "content": {
    "name": "icon_dt_xinxi_vip1",
    "atlas": "",
    "rect": {
      "x": 2,
      "y": 13,
      "width": 50,
      "height": 38
    },
    "offset": {
      "x": 0,
      "y": 0
    },
    "originalSize": {
      "width": 54,
      "height": 64
    },
    "rotated": false,
    "capInsets": [
      0,
      0,
      0,
      0
    ],
    "vertices": {
      "rawPosition": [
        -25,
        -19,
        0,
        25,
        -19,
        0,
        -25,
        19,
        0,
        25,
        19,
        0
      ],
      "indexes": [
        0,
        1,
        2,
        2,
        1,
        3
      ],
      "uv": [
        2,
        51,
        52,
        51,
        2,
        13,
        52,
        13
      ],
      "nuv": [
        0.037037037037037035,
        0.203125,
        0.9629629629629629,
        0.203125,
        0.037037037037037035,
        0.796875,
        0.9629629629629629,
        0.796875
      ],
      "minPos": {
        "x": -25,
        "y": -19,
        "z": 0
      },
      "maxPos": {
        "x": 25,
        "y": 19,
        "z": 0
      }
    },
    "texture": "19669247-6608-4804-b279-f90aa07702bf@6c48a",
    "packable": true,
    "pixelsToUnit": 100,
    "pivot": {
      "x": 0.5,
      "y": 0.5
    },
    "meshType": 0
  }
}