{
  "__type__": "cc.SpriteFrame",
  "content": {
    "name": "loading4",
    "atlas": "",
    "rect": {
      "x": 113,
      "y": 33,
      "width": 219,
      "height": 172
    },
    "offset": {
      "x": 45,
      "y": 3
    },
    "originalSize": {
      "width": 355,
      "height": 244
    },
    "rotated": false,
    "capInsets": [
      0,
      0,
      0,
      0
    ],
    "vertices": {
      "rawPosition": [
        -109.5,
        -86,
        0,
        109.5,
        -86,
        0,
        -109.5,
        86,
        0,
        109.5,
        86,
        0
      ],
      "indexes": [
        0,
        1,
        2,
        2,
        1,
        3
      ],
      "uv": [
        113,
        211,
        332,
        211,
        113,
        39,
        332,
        39
      ],
      "nuv": [
        0.3183098591549296,
        0.1598360655737705,
        0.9352112676056338,
        0.1598360655737705,
        0.3183098591549296,
        0.8647540983606558,
        0.9352112676056338,
        0.8647540983606558
      ],
      "minPos": {
        "x": -109.5,
        "y": -86,
        "z": 0
      },
      "maxPos": {
        "x": 109.5,
        "y": 86,
        "z": 0
      }
    },
    "texture": "a3f60c19-39c8-4193-b75f-1e4fbc741da9@6c48a",
    "packable": true,
    "pixelsToUnit": 100,
    "pivot": {
      "x": 0.5,
      "y": 0.5
    },
    "meshType": 0
  }
}