{
  "__type__": "cc.SpriteFrame",
  "content": {
    "name": "img_shop_title2",
    "atlas": "",
    "rect": {
      "x": 1,
      "y": 0,
      "width": 567,
      "height": 94
    },
    "offset": {
      "x": 0.5,
      "y": 0
    },
    "originalSize": {
      "width": 568,
      "height": 94
    },
    "rotated": false,
    "capInsets": [
      0,
      0,
      0,
      0
    ],
    "vertices": {
      "rawPosition": [
        -283.5,
        -47,
        0,
        283.5,
        -47,
        0,
        -283.5,
        47,
        0,
        283.5,
        47,
        0
      ],
      "indexes": [
        0,
        1,
        2,
        2,
        1,
        3
      ],
      "uv": [
        1,
        94,
        568,
        94,
        1,
        0,
        568,
        0
      ],
      "nuv": [
        0.0017605633802816902,
        0,
        1,
        0,
        0.0017605633802816902,
        1,
        1,
        1
      ],
      "minPos": {
        "x": -283.5,
        "y": -47,
        "z": 0
      },
      "maxPos": {
        "x": 283.5,
        "y": 47,
        "z": 0
      }
    },
    "texture": "48d4e632-96fc-4a1d-9933-a15501f774d6@6c48a",
    "packable": true,
    "pixelsToUnit": 100,
    "pivot": {
      "x": 0.5,
      "y": 0.5
    },
    "meshType": 0
  }
}