{
  "__type__": "cc.SpriteFrame",
  "content": {
    "name": "word_bank_title",
    "atlas": "",
    "rect": {
      "x": 2,
      "y": 2,
      "width": 129,
      "height": 74
    },
    "offset": {
      "x": -0.5,
      "y": -0.5
    },
    "originalSize": {
      "width": 134,
      "height": 77
    },
    "rotated": false,
    "capInsets": [
      0,
      0,
      0,
      0
    ],
    "vertices": {
      "rawPosition": [
        -64.5,
        -37,
        0,
        64.5,
        -37,
        0,
        -64.5,
        37,
        0,
        64.5,
        37,
        0
      ],
      "indexes": [
        0,
        1,
        2,
        2,
        1,
        3
      ],
      "uv": [
        2,
        75,
        131,
        75,
        2,
        1,
        131,
        1
      ],
      "nuv": [
        0.014925373134328358,
        0.012987012987012988,
        0.9776119402985075,
        0.012987012987012988,
        0.014925373134328358,
        0.974025974025974,
        0.9776119402985075,
        0.974025974025974
      ],
      "minPos": {
        "x": -64.5,
        "y": -37,
        "z": 0
      },
      "maxPos": {
        "x": 64.5,
        "y": 37,
        "z": 0
      }
    },
    "texture": "3f162732-1b70-41a4-b8e6-7a1adb108384@6c48a",
    "packable": true,
    "pixelsToUnit": 100,
    "pivot": {
      "x": 0.5,
      "y": 0.5
    },
    "meshType": 0
  }
}