{
  "__type__": "cc.SpriteFrame",
  "content": {
    "name": "btn_gift_off",
    "atlas": "",
    "rect": {
      "x": 3,
      "y": 8,
      "width": 82,
      "height": 36
    },
    "offset": {
      "x": 1.5,
      "y": -3.5
    },
    "originalSize": {
      "width": 85,
      "height": 45
    },
    "rotated": false,
    "capInsets": [
      0,
      0,
      0,
      0
    ],
    "vertices": {
      "rawPosition": [
        -41,
        -18,
        0,
        41,
        -18,
        0,
        -41,
        18,
        0,
        41,
        18,
        0
      ],
      "indexes": [
        0,
        1,
        2,
        2,
        1,
        3
      ],
      "uv": [
        3,
        37,
        85,
        37,
        3,
        1,
        85,
        1
      ],
      "nuv": [
        0.03529411764705882,
        0.022222222222222223,
        1,
        0.022222222222222223,
        0.03529411764705882,
        0.8222222222222222,
        1,
        0.8222222222222222
      ],
      "minPos": {
        "x": -41,
        "y": -18,
        "z": 0
      },
      "maxPos": {
        "x": 41,
        "y": 18,
        "z": 0
      }
    },
    "texture": "e3a9eb62-8ada-43a4-bbe1-b83291b9039d@6c48a",
    "packable": true,
    "pixelsToUnit": 100,
    "pivot": {
      "x": 0.5,
      "y": 0.5
    },
    "meshType": 0
  }
}