{
  "__type__": "cc.SpriteFrame",
  "content": {
    "name": "title_vip",
    "atlas": "",
    "rect": {
      "x": 1,
      "y": 1,
      "width": 431,
      "height": 65
    },
    "offset": {
      "x": 0.5,
      "y": -0.5
    },
    "originalSize": {
      "width": 432,
      "height": 66
    },
    "rotated": false,
    "capInsets": [
      0,
      0,
      0,
      0
    ],
    "vertices": {
      "rawPosition": [
        -215.5,
        -32.5,
        0,
        215.5,
        -32.5,
        0,
        -215.5,
        32.5,
        0,
        215.5,
        32.5,
        0
      ],
      "indexes": [
        0,
        1,
        2,
        2,
        1,
        3
      ],
      "uv": [
        1,
        65,
        432,
        65,
        1,
        0,
        432,
        0
      ],
      "nuv": [
        0.0023148148148148147,
        0,
        1,
        0,
        0.0023148148148148147,
        0.9848484848484849,
        1,
        0.9848484848484849
      ],
      "minPos": {
        "x": -215.5,
        "y": -32.5,
        "z": 0
      },
      "maxPos": {
        "x": 215.5,
        "y": 32.5,
        "z": 0
      }
    },
    "texture": "45200744-62f6-48c2-882c-be4020c1dbfb@6c48a",
    "packable": true,
    "pixelsToUnit": 100,
    "pivot": {
      "x": 0.5,
      "y": 0.5
    },
    "meshType": 0
  }
}