{
  "__type__": "cc.SpriteFrame",
  "content": {
    "name": "loading8",
    "atlas": "",
    "rect": {
      "x": 2,
      "y": 47,
      "width": 150,
      "height": 146
    },
    "offset": {
      "x": -100.5,
      "y": 2
    },
    "originalSize": {
      "width": 355,
      "height": 244
    },
    "rotated": false,
    "capInsets": [
      0,
      0,
      0,
      0
    ],
    "vertices": {
      "rawPosition": [
        -75,
        -73,
        0,
        75,
        -73,
        0,
        -75,
        73,
        0,
        75,
        73,
        0
      ],
      "indexes": [
        0,
        1,
        2,
        2,
        1,
        3
      ],
      "uv": [
        2,
        197,
        152,
        197,
        2,
        51,
        152,
        51
      ],
      "nuv": [
        0.005633802816901409,
        0.20901639344262296,
        0.428169014084507,
        0.20901639344262296,
        0.005633802816901409,
        0.8073770491803278,
        0.428169014084507,
        0.8073770491803278
      ],
      "minPos": {
        "x": -75,
        "y": -73,
        "z": 0
      },
      "maxPos": {
        "x": 75,
        "y": 73,
        "z": 0
      }
    },
    "texture": "5b49b270-51b4-47dd-85ad-7a85acf07c24@6c48a",
    "packable": true,
    "pixelsToUnit": 100,
    "pivot": {
      "x": 0.5,
      "y": 0.5
    },
    "meshType": 0
  }
}