{
  "__type__": "cc.SpriteFrame",
  "content": {
    "name": "bg_peringatan",
    "atlas": "",
    "rect": {
      "x": 0,
      "y": 0,
      "width": 965,
      "height": 588
    },
    "offset": {
      "x": -1,
      "y": 0
    },
    "originalSize": {
      "width": 967,
      "height": 588
    },
    "rotated": false,
    "capInsets": [
      0,
      0,
      0,
      0
    ],
    "vertices": {
      "rawPosition": [
        -482.5,
        -294,
        0,
        482.5,
        -294,
        0,
        -482.5,
        294,
        0,
        482.5,
        294,
        0
      ],
      "indexes": [
        0,
        1,
        2,
        2,
        1,
        3
      ],
      "uv": [
        0,
        588,
        965,
        588,
        0,
        0,
        965,
        0
      ],
      "nuv": [
        0,
        0,
        0.9979317476732161,
        0,
        0,
        1,
        0.9979317476732161,
        1
      ],
      "minPos": {
        "x": -482.5,
        "y": -294,
        "z": 0
      },
      "maxPos": {
        "x": 482.5,
        "y": 294,
        "z": 0
      }
    },
    "texture": "266c342b-31ae-4f5a-b2e8-bd4234eab8e6@6c48a",
    "packable": true,
    "pixelsToUnit": 100,
    "pivot": {
      "x": 0.5,
      "y": 0.5
    },
    "meshType": 0
  }
}