{
  "__type__": "cc.SpriteFrame",
  "content": {
    "name": "bg_peringatan",
    "atlas": "",
    "rect": {
      "x": 0,
      "y": 0,
      "width": 966,
      "height": 588
    },
    "offset": {
      "x": -0.5,
      "y": 0
    },
    "originalSize": {
      "width": 967,
      "height": 588
    },
    "rotated": false,
    "capInsets": [
      0,
      0,
      0,
      0
    ],
    "vertices": {
      "rawPosition": [
        -483,
        -294,
        0,
        483,
        -294,
        0,
        -483,
        294,
        0,
        483,
        294,
        0
      ],
      "indexes": [
        0,
        1,
        2,
        2,
        1,
        3
      ],
      "uv": [
        0,
        588,
        966,
        588,
        0,
        0,
        966,
        0
      ],
      "nuv": [
        0,
        0,
        0.9989658738366081,
        0,
        0,
        1,
        0.9989658738366081,
        1
      ],
      "minPos": {
        "x": -483,
        "y": -294,
        "z": 0
      },
      "maxPos": {
        "x": 483,
        "y": 294,
        "z": 0
      }
    },
    "texture": "266c342b-31ae-4f5a-b2e8-bd4234eab8e6@6c48a",
    "packable": true,
    "pixelsToUnit": 100,
    "pivot": {
      "x": 0.5,
      "y": 0.5
    },
    "meshType": 0
  }
}