{
  "__type__": "cc.SpriteFrame",
  "content": {
    "name": "loading5",
    "atlas": "",
    "rect": {
      "x": 56,
      "y": 16,
      "width": 275,
      "height": 205
    },
    "offset": {
      "x": 16,
      "y": 3.5
    },
    "originalSize": {
      "width": 355,
      "height": 244
    },
    "rotated": false,
    "capInsets": [
      0,
      0,
      0,
      0
    ],
    "vertices": {
      "rawPosition": [
        -137.5,
        -102.5,
        0,
        137.5,
        -102.5,
        0,
        -137.5,
        102.5,
        0,
        137.5,
        102.5,
        0
      ],
      "indexes": [
        0,
        1,
        2,
        2,
        1,
        3
      ],
      "uv": [
        56,
        228,
        331,
        228,
        56,
        23,
        331,
        23
      ],
      "nuv": [
        0.15774647887323945,
        0.0942622950819672,
        0.9323943661971831,
        0.0942622950819672,
        0.15774647887323945,
        0.9344262295081968,
        0.9323943661971831,
        0.9344262295081968
      ],
      "minPos": {
        "x": -137.5,
        "y": -102.5,
        "z": 0
      },
      "maxPos": {
        "x": 137.5,
        "y": 102.5,
        "z": 0
      }
    },
    "texture": "47e9d2ab-1fad-4200-99ce-e96b8ed27240@6c48a",
    "packable": true,
    "pixelsToUnit": 100,
    "pivot": {
      "x": 0.5,
      "y": 0.5
    },
    "meshType": 0
  }
}