{
  "__type__": "cc.SpriteFrame",
  "content": {
    "name": "word_withdrawal_penarikan",
    "atlas": "",
    "rect": {
      "x": 1,
      "y": 2,
      "width": 234,
      "height": 80
    },
    "offset": {
      "x": -1,
      "y": -0.5
    },
    "originalSize": {
      "width": 238,
      "height": 83
    },
    "rotated": false,
    "capInsets": [
      0,
      0,
      0,
      0
    ],
    "vertices": {
      "rawPosition": [
        -117,
        -40,
        0,
        117,
        -40,
        0,
        -117,
        40,
        0,
        117,
        40,
        0
      ],
      "indexes": [
        0,
        1,
        2,
        2,
        1,
        3
      ],
      "uv": [
        1,
        81,
        235,
        81,
        1,
        1,
        235,
        1
      ],
      "nuv": [
        0.004201680672268907,
        0.012048192771084338,
        0.9873949579831933,
        0.012048192771084338,
        0.004201680672268907,
        0.9759036144578314,
        0.9873949579831933,
        0.9759036144578314
      ],
      "minPos": {
        "x": -117,
        "y": -40,
        "z": 0
      },
      "maxPos": {
        "x": 117,
        "y": 40,
        "z": 0
      }
    },
    "texture": "47fb01dc-6f31-4c61-a7cc-59f0a49751a7@6c48a",
    "packable": true,
    "pixelsToUnit": 100,
    "pivot": {
      "x": 0.5,
      "y": 0.5
    },
    "meshType": 0
  }
}