{
  "__type__": "cc.SpriteFrame",
  "content": {
    "name": "loading10",
    "atlas": "",
    "rect": {
      "x": 2,
      "y": 53,
      "width": 149,
      "height": 135
    },
    "offset": {
      "x": -101,
      "y": 1.5
    },
    "originalSize": {
      "width": 355,
      "height": 244
    },
    "rotated": false,
    "capInsets": [
      0,
      0,
      0,
      0
    ],
    "vertices": {
      "rawPosition": [
        -74.5,
        -67.5,
        0,
        74.5,
        -67.5,
        0,
        -74.5,
        67.5,
        0,
        74.5,
        67.5,
        0
      ],
      "indexes": [
        0,
        1,
        2,
        2,
        1,
        3
      ],
      "uv": [
        2,
        191,
        151,
        191,
        2,
        56,
        151,
        56
      ],
      "nuv": [
        0.005633802816901409,
        0.22950819672131148,
        0.4253521126760563,
        0.22950819672131148,
        0.005633802816901409,
        0.7827868852459017,
        0.4253521126760563,
        0.7827868852459017
      ],
      "minPos": {
        "x": -74.5,
        "y": -67.5,
        "z": 0
      },
      "maxPos": {
        "x": 74.5,
        "y": 67.5,
        "z": 0
      }
    },
    "texture": "ecb394de-79aa-4abe-9f45-f6edc605ad95@6c48a",
    "packable": true,
    "pixelsToUnit": 100,
    "pivot": {
      "x": 0.5,
      "y": 0.5
    },
    "meshType": 0
  }
}