{
  "__type__": "cc.SpriteFrame",
  "content": {
    "name": "loading15",
    "atlas": "",
    "rect": {
      "x": 115,
      "y": 42,
      "width": 234,
      "height": 156
    },
    "offset": {
      "x": 54.5,
      "y": 2
    },
    "originalSize": {
      "width": 355,
      "height": 244
    },
    "rotated": false,
    "capInsets": [
      0,
      0,
      0,
      0
    ],
    "vertices": {
      "rawPosition": [
        -117,
        -78,
        0,
        117,
        -78,
        0,
        -117,
        78,
        0,
        117,
        78,
        0
      ],
      "indexes": [
        0,
        1,
        2,
        2,
        1,
        3
      ],
      "uv": [
        115,
        202,
        349,
        202,
        115,
        46,
        349,
        46
      ],
      "nuv": [
        0.323943661971831,
        0.1885245901639344,
        0.9830985915492958,
        0.1885245901639344,
        0.323943661971831,
        0.8278688524590164,
        0.9830985915492958,
        0.8278688524590164
      ],
      "minPos": {
        "x": -117,
        "y": -78,
        "z": 0
      },
      "maxPos": {
        "x": 117,
        "y": 78,
        "z": 0
      }
    },
    "texture": "b5359857-50fb-49b8-a2fb-78dceffd6c84@6c48a",
    "packable": true,
    "pixelsToUnit": 100,
    "pivot": {
      "x": 0.5,
      "y": 0.5
    },
    "meshType": 0
  }
}