{
  "__type__": "cc.SpriteFrame",
  "content": {
    "name": "img_mail_bg",
    "atlas": "",
    "rect": {
      "x": 3,
      "y": 3,
      "width": 1127,
      "height": 677
    },
    "offset": {
      "x": 0,
      "y": -0.5
    },
    "originalSize": {
      "width": 1133,
      "height": 682
    },
    "rotated": false,
    "capInsets": [
      0,
      0,
      0,
      0
    ],
    "vertices": {
      "rawPosition": [
        -563.5,
        -338.5,
        0,
        563.5,
        -338.5,
        0,
        -563.5,
        338.5,
        0,
        563.5,
        338.5,
        0
      ],
      "indexes": [
        0,
        1,
        2,
        2,
        1,
        3
      ],
      "uv": [
        3,
        679,
        1130,
        679,
        3,
        2,
        1130,
        2
      ],
      "nuv": [
        0.00264783759929391,
        0.002932551319648094,
        0.9973521624007061,
        0.002932551319648094,
        0.00264783759929391,
        0.9956011730205279,
        0.9973521624007061,
        0.9956011730205279
      ],
      "minPos": {
        "x": -563.5,
        "y": -338.5,
        "z": 0
      },
      "maxPos": {
        "x": 563.5,
        "y": 338.5,
        "z": 0
      }
    },
    "texture": "15ae0400-e40e-43da-99ce-e78d05a4f7b3@6c48a",
    "packable": true,
    "pixelsToUnit": 100,
    "pivot": {
      "x": 0.5,
      "y": 0.5
    },
    "meshType": 0
  }
}