{
  "__type__": "cc.SpriteFrame",
  "content": {
    "name": "word_login_setpassword",
    "atlas": "",
    "rect": {
      "x": 1,
      "y": 0,
      "width": 429,
      "height": 62
    },
    "offset": {
      "x": 0.5,
      "y": 0.5
    },
    "originalSize": {
      "width": 430,
      "height": 63
    },
    "rotated": false,
    "capInsets": [
      0,
      0,
      0,
      0
    ],
    "vertices": {
      "rawPosition": [
        -214.5,
        -31,
        0,
        214.5,
        -31,
        0,
        -214.5,
        31,
        0,
        214.5,
        31,
        0
      ],
      "indexes": [
        0,
        1,
        2,
        2,
        1,
        3
      ],
      "uv": [
        1,
        63,
        430,
        63,
        1,
        1,
        430,
        1
      ],
      "nuv": [
        0.002325581395348837,
        0.015873015873015872,
        1,
        0.015873015873015872,
        0.002325581395348837,
        1,
        1,
        1
      ],
      "minPos": {
        "x": -214.5,
        "y": -31,
        "z": 0
      },
      "maxPos": {
        "x": 214.5,
        "y": 31,
        "z": 0
      }
    },
    "texture": "189fd1d6-89eb-48e0-80a8-4bfc6166a93c@6c48a",
    "packable": true,
    "pixelsToUnit": 100,
    "pivot": {
      "x": 0.5,
      "y": 0.5
    },
    "meshType": 0
  }
}