{
  "__type__": "cc.SpriteFrame",
  "content": {
    "name": "loading12",
    "atlas": "",
    "rect": {
      "x": 35,
      "y": 17,
      "width": 246,
      "height": 203
    },
    "offset": {
      "x": -19.5,
      "y": 3.5
    },
    "originalSize": {
      "width": 355,
      "height": 244
    },
    "rotated": false,
    "capInsets": [
      0,
      0,
      0,
      0
    ],
    "vertices": {
      "rawPosition": [
        -123,
        -101.5,
        0,
        123,
        -101.5,
        0,
        -123,
        101.5,
        0,
        123,
        101.5,
        0
      ],
      "indexes": [
        0,
        1,
        2,
        2,
        1,
        3
      ],
      "uv": [
        35,
        227,
        281,
        227,
        35,
        24,
        281,
        24
      ],
      "nuv": [
        0.09859154929577464,
        0.09836065573770492,
        0.7915492957746478,
        0.09836065573770492,
        0.09859154929577464,
        0.930327868852459,
        0.7915492957746478,
        0.930327868852459
      ],
      "minPos": {
        "x": -123,
        "y": -101.5,
        "z": 0
      },
      "maxPos": {
        "x": 123,
        "y": 101.5,
        "z": 0
      }
    },
    "texture": "422cb69a-3264-4ade-a577-0b60085a3c33@6c48a",
    "packable": true,
    "pixelsToUnit": 100,
    "pivot": {
      "x": 0.5,
      "y": 0.5
    },
    "meshType": 0
  }
}