{
  "__type__": "cc.SpriteFrame",
  "content": {
    "name": "titile_person_beranda",
    "atlas": "",
    "rect": {
      "x": 1,
      "y": 1,
      "width": 261,
      "height": 80
    },
    "offset": {
      "x": 0,
      "y": 0
    },
    "originalSize": {
      "width": 263,
      "height": 82
    },
    "rotated": false,
    "capInsets": [
      0,
      0,
      0,
      0
    ],
    "vertices": {
      "rawPosition": [
        -130.5,
        -40,
        0,
        130.5,
        -40,
        0,
        -130.5,
        40,
        0,
        130.5,
        40,
        0
      ],
      "indexes": [
        0,
        1,
        2,
        2,
        1,
        3
      ],
      "uv": [
        1,
        81,
        262,
        81,
        1,
        1,
        262,
        1
      ],
      "nuv": [
        0.0038022813688212928,
        0.012195121951219513,
        0.9961977186311787,
        0.012195121951219513,
        0.0038022813688212928,
        0.9878048780487805,
        0.9961977186311787,
        0.9878048780487805
      ],
      "minPos": {
        "x": -130.5,
        "y": -40,
        "z": 0
      },
      "maxPos": {
        "x": 130.5,
        "y": 40,
        "z": 0
      }
    },
    "texture": "250e511e-bf27-4bf7-a28f-c44a120459fc@6c48a",
    "packable": true,
    "pixelsToUnit": 100,
    "pivot": {
      "x": 0.5,
      "y": 0.5
    },
    "meshType": 0
  }
}