{
  "__type__": "cc.SpriteFrame",
  "content": {
    "name": "titile_person_beranda",
    "atlas": "",
    "rect": {
      "x": 1,
      "y": 1,
      "width": 166,
      "height": 60
    },
    "offset": {
      "x": 0.5,
      "y": 0
    },
    "originalSize": {
      "width": 167,
      "height": 62
    },
    "rotated": false,
    "capInsets": [
      0,
      0,
      0,
      0
    ],
    "vertices": {
      "rawPosition": [
        -83,
        -30,
        0,
        83,
        -30,
        0,
        -83,
        30,
        0,
        83,
        30,
        0
      ],
      "indexes": [
        0,
        1,
        2,
        2,
        1,
        3
      ],
      "uv": [
        1,
        61,
        167,
        61,
        1,
        1,
        167,
        1
      ],
      "nuv": [
        0.005988023952095809,
        0.016129032258064516,
        1,
        0.016129032258064516,
        0.005988023952095809,
        0.9838709677419355,
        1,
        0.9838709677419355
      ],
      "minPos": {
        "x": -83,
        "y": -30,
        "z": 0
      },
      "maxPos": {
        "x": 83,
        "y": 30,
        "z": 0
      }
    },
    "texture": "250e511e-bf27-4bf7-a28f-c44a120459fc@6c48a",
    "packable": true,
    "pixelsToUnit": 100,
    "pivot": {
      "x": 0.5,
      "y": 0.5
    },
    "meshType": 0
  }
}