{
  "__type__": "cc.SpriteFrame",
  "content": {
    "name": "btn_dt_xinxi_shang",
    "atlas": "",
    "rect": {
      "x": 1,
      "y": 1,
      "width": 26,
      "height": 18
    },
    "offset": {
      "x": 0,
      "y": 0
    },
    "originalSize": {
      "width": 28,
      "height": 20
    },
    "rotated": false,
    "capInsets": [
      0,
      0,
      0,
      0
    ],
    "vertices": {
      "rawPosition": [
        -13,
        -9,
        0,
        13,
        -9,
        0,
        -13,
        9,
        0,
        13,
        9,
        0
      ],
      "indexes": [
        0,
        1,
        2,
        2,
        1,
        3
      ],
      "uv": [
        1,
        19,
        27,
        19,
        1,
        1,
        27,
        1
      ],
      "nuv": [
        0.03571428571428571,
        0.05,
        0.9642857142857143,
        0.05,
        0.03571428571428571,
        0.95,
        0.9642857142857143,
        0.95
      ],
      "minPos": {
        "x": -13,
        "y": -9,
        "z": 0
      },
      "maxPos": {
        "x": 13,
        "y": 9,
        "z": 0
      }
    },
    "texture": "aae61333-0434-4d1f-95a7-3ef1c7c3ba3d@6c48a",
    "packable": true,
    "pixelsToUnit": 100,
    "pivot": {
      "x": 0.5,
      "y": 0.5
    },
    "meshType": 0
  }
}