{
  "__type__": "cc.SpriteFrame",
  "content": {
    "name": "loading11",
    "atlas": "",
    "rect": {
      "x": 7,
      "y": 34,
      "width": 210,
      "height": 170
    },
    "offset": {
      "x": -65.5,
      "y": 3
    },
    "originalSize": {
      "width": 355,
      "height": 244
    },
    "rotated": false,
    "capInsets": [
      0,
      0,
      0,
      0
    ],
    "vertices": {
      "rawPosition": [
        -105,
        -85,
        0,
        105,
        -85,
        0,
        -105,
        85,
        0,
        105,
        85,
        0
      ],
      "indexes": [
        0,
        1,
        2,
        2,
        1,
        3
      ],
      "uv": [
        7,
        210,
        217,
        210,
        7,
        40,
        217,
        40
      ],
      "nuv": [
        0.01971830985915493,
        0.16393442622950818,
        0.6112676056338028,
        0.16393442622950818,
        0.01971830985915493,
        0.860655737704918,
        0.6112676056338028,
        0.860655737704918
      ],
      "minPos": {
        "x": -105,
        "y": -85,
        "z": 0
      },
      "maxPos": {
        "x": 105,
        "y": 85,
        "z": 0
      }
    },
    "texture": "dd70b8de-6fb9-406c-aefd-20e48c21c9f2@6c48a",
    "packable": true,
    "pixelsToUnit": 100,
    "pivot": {
      "x": 0.5,
      "y": 0.5
    },
    "meshType": 0
  }
}