{
  "__type__": "cc.SpriteFrame",
  "content": {
    "name": "shuzi_xiazhujine_0",
    "atlas": "",
    "rect": {
      "x": 1,
      "y": 1,
      "width": 287,
      "height": 57
    },
    "offset": {
      "x": -5.5,
      "y": 120.5
    },
    "originalSize": {
      "width": 300,
      "height": 300
    },
    "rotated": false,
    "capInsets": [
      0,
      0,
      0,
      0
    ],
    "vertices": {
      "rawPosition": [
        -143.5,
        -28.5,
        0,
        143.5,
        -28.5,
        0,
        -143.5,
        28.5,
        0,
        143.5,
        28.5,
        0
      ],
      "indexes": [
        0,
        1,
        2,
        2,
        1,
        3
      ],
      "uv": [
        1,
        299,
        288,
        299,
        1,
        242,
        288,
        242
      ],
      "nuv": [
        0.0033333333333333335,
        0.8066666666666666,
        0.96,
        0.8066666666666666,
        0.0033333333333333335,
        0.9966666666666667,
        0.96,
        0.9966666666666667
      ],
      "minPos": {
        "x": -143.5,
        "y": -28.5,
        "z": 0
      },
      "maxPos": {
        "x": 143.5,
        "y": 28.5,
        "z": 0
      }
    },
    "texture": "9dfc6320-1b7d-428e-9d00-af3daf492ff1@6c48a",
    "packable": true,
    "pixelsToUnit": 100,
    "pivot": {
      "x": 0.5,
      "y": 0.5
    },
    "meshType": 0
  }
}