{
  "__type__": "cc.SpriteFrame",
  "content": {
    "name": "zhuanpan_tanchaung_bj",
    "atlas": "",
    "rect": {
      "x": 0,
      "y": 1,
      "width": 628,
      "height": 503
    },
    "offset": {
      "x": 0,
      "y": -0.5
    },
    "originalSize": {
      "width": 628,
      "height": 504
    },
    "rotated": false,
    "capInsets": [
      0,
      0,
      0,
      0
    ],
    "vertices": {
      "rawPosition": [
        -314,
        -251.5,
        0,
        314,
        -251.5,
        0,
        -314,
        251.5,
        0,
        314,
        251.5,
        0
      ],
      "indexes": [
        0,
        1,
        2,
        2,
        1,
        3
      ],
      "uv": [
        0,
        503,
        628,
        503,
        0,
        0,
        628,
        0
      ],
      "nuv": [
        0,
        0,
        1,
        0,
        0,
        0.998015873015873,
        1,
        0.998015873015873
      ],
      "minPos": {
        "x": -314,
        "y": -251.5,
        "z": 0
      },
      "maxPos": {
        "x": 314,
        "y": 251.5,
        "z": 0
      }
    },
    "texture": "db358375-1d99-4b2f-ba5c-8969f9b71540@6c48a",
    "packable": true,
    "pixelsToUnit": 100,
    "pivot": {
      "x": 0.5,
      "y": 0.5
    },
    "meshType": 0
  }
}