{
  "__type__": "cc.SpriteFrame",
  "content": {
    "name": "btn_gift_on",
    "atlas": "",
    "rect": {
      "x": 0,
      "y": 2,
      "width": 81,
      "height": 41
    },
    "offset": {
      "x": -1,
      "y": -1
    },
    "originalSize": {
      "width": 83,
      "height": 43
    },
    "rotated": false,
    "capInsets": [
      0,
      0,
      0,
      0
    ],
    "vertices": {
      "rawPosition": [
        -40.5,
        -20.5,
        0,
        40.5,
        -20.5,
        0,
        -40.5,
        20.5,
        0,
        40.5,
        20.5,
        0
      ],
      "indexes": [
        0,
        1,
        2,
        2,
        1,
        3
      ],
      "uv": [
        0,
        41,
        81,
        41,
        0,
        0,
        81,
        0
      ],
      "nuv": [
        0,
        0,
        0.9759036144578314,
        0,
        0,
        0.9534883720930233,
        0.9759036144578314,
        0.9534883720930233
      ],
      "minPos": {
        "x": -40.5,
        "y": -20.5,
        "z": 0
      },
      "maxPos": {
        "x": 40.5,
        "y": 20.5,
        "z": 0
      }
    },
    "texture": "dbf21d8c-8eba-4062-96d5-853bcfc77df1@6c48a",
    "packable": true,
    "pixelsToUnit": 100,
    "pivot": {
      "x": 0.5,
      "y": 0.5
    },
    "meshType": 0
  }
}