{
  "__type__": "cc.SpriteFrame",
  "content": {
    "name": "ID_2",
    "atlas": "",
    "rect": {
      "x": 2,
      "y": 1,
      "width": 386,
      "height": 266
    },
    "offset": {
      "x": 0,
      "y": 0.5
    },
    "originalSize": {
      "width": 390,
      "height": 269
    },
    "rotated": false,
    "capInsets": [
      0,
      0,
      0,
      0
    ],
    "vertices": {
      "rawPosition": [
        -193,
        -133,
        0,
        193,
        -133,
        0,
        -193,
        133,
        0,
        193,
        133,
        0
      ],
      "indexes": [
        0,
        1,
        2,
        2,
        1,
        3
      ],
      "uv": [
        2,
        268,
        388,
        268,
        2,
        2,
        388,
        2
      ],
      "nuv": [
        0.005128205128205128,
        0.007434944237918215,
        0.9948717948717949,
        0.007434944237918215,
        0.005128205128205128,
        0.9962825278810409,
        0.9948717948717949,
        0.9962825278810409
      ],
      "minPos": {
        "x": -193,
        "y": -133,
        "z": 0
      },
      "maxPos": {
        "x": 193,
        "y": 133,
        "z": 0
      }
    },
    "texture": "37d2cd92-7c9e-486d-a442-2bb3c00374d8@6c48a",
    "packable": true,
    "pixelsToUnit": 100,
    "pivot": {
      "x": 0.5,
      "y": 0.5
    },
    "meshType": 0
  }
}