{
  "__type__": "cc.SpriteFrame",
  "content": {
    "name": "btn_withdrawal_ikat1",
    "atlas": "",
    "rect": {
      "x": 2,
      "y": 2,
      "width": 93,
      "height": 54
    },
    "offset": {
      "x": -0.5,
      "y": 0.5
    },
    "originalSize": {
      "width": 98,
      "height": 59
    },
    "rotated": false,
    "capInsets": [
      0,
      0,
      0,
      0
    ],
    "vertices": {
      "rawPosition": [
        -46.5,
        -27,
        0,
        46.5,
        -27,
        0,
        -46.5,
        27,
        0,
        46.5,
        27,
        0
      ],
      "indexes": [
        0,
        1,
        2,
        2,
        1,
        3
      ],
      "uv": [
        2,
        57,
        95,
        57,
        2,
        3,
        95,
        3
      ],
      "nuv": [
        0.02040816326530612,
        0.05084745762711865,
        0.9693877551020408,
        0.05084745762711865,
        0.02040816326530612,
        0.9661016949152542,
        0.9693877551020408,
        0.9661016949152542
      ],
      "minPos": {
        "x": -46.5,
        "y": -27,
        "z": 0
      },
      "maxPos": {
        "x": 46.5,
        "y": 27,
        "z": 0
      }
    },
    "texture": "8c96df43-6f92-44e8-9b43-0c1bec077ee4@6c48a",
    "packable": true,
    "pixelsToUnit": 100,
    "pivot": {
      "x": 0.5,
      "y": 0.5
    },
    "meshType": 0
  }
}