{
  "__type__": "cc.SpriteFrame",
  "content": {
    "name": "vip_num_0",
    "atlas": "",
    "rect": {
      "x": 0,
      "y": 0,
      "width": 155,
      "height": 20
    },
    "offset": {
      "x": -72.5,
      "y": 90
    },
    "originalSize": {
      "width": 300,
      "height": 200
    },
    "rotated": false,
    "capInsets": [
      0,
      0,
      0,
      0
    ],
    "vertices": {
      "rawPosition": [
        -77.5,
        -10,
        0,
        77.5,
        -10,
        0,
        -77.5,
        10,
        0,
        77.5,
        10,
        0
      ],
      "indexes": [
        0,
        1,
        2,
        2,
        1,
        3
      ],
      "uv": [
        0,
        200,
        155,
        200,
        0,
        180,
        155,
        180
      ],
      "nuv": [
        0,
        0.9,
        0.5166666666666667,
        0.9,
        0,
        1,
        0.5166666666666667,
        1
      ],
      "minPos": {
        "x": -77.5,
        "y": -10,
        "z": 0
      },
      "maxPos": {
        "x": 77.5,
        "y": 10,
        "z": 0
      }
    },
    "texture": "77f28ba2-ac0a-4334-a19e-e69d1e09a5e2@6c48a",
    "packable": true,
    "pixelsToUnit": 100,
    "pivot": {
      "x": 0.5,
      "y": 0.5
    },
    "meshType": 0
  }
}