{
  "__type__": "cc.SpriteFrame",
  "content": {
    "name": "ID_3",
    "atlas": "",
    "rect": {
      "x": 2,
      "y": 0,
      "width": 386,
      "height": 290
    },
    "offset": {
      "x": 0,
      "y": 0
    },
    "originalSize": {
      "width": 390,
      "height": 290
    },
    "rotated": false,
    "capInsets": [
      0,
      0,
      0,
      0
    ],
    "vertices": {
      "rawPosition": [
        -193,
        -145,
        0,
        193,
        -145,
        0,
        -193,
        145,
        0,
        193,
        145,
        0
      ],
      "indexes": [
        0,
        1,
        2,
        2,
        1,
        3
      ],
      "uv": [
        2,
        290,
        388,
        290,
        2,
        0,
        388,
        0
      ],
      "nuv": [
        0.005128205128205128,
        0,
        0.9948717948717949,
        0,
        0.005128205128205128,
        1,
        0.9948717948717949,
        1
      ],
      "minPos": {
        "x": -193,
        "y": -145,
        "z": 0
      },
      "maxPos": {
        "x": 193,
        "y": 145,
        "z": 0
      }
    },
    "texture": "503cf184-44a8-4c89-9d48-93bc9d7cd881@6c48a",
    "packable": true,
    "pixelsToUnit": 100,
    "pivot": {
      "x": 0.5,
      "y": 0.5
    },
    "meshType": 0
  }
}