{
  "__type__": "cc.SpriteFrame",
  "content": {
    "name": "loading2",
    "atlas": "",
    "rect": {
      "x": 226,
      "y": 70,
      "width": 122,
      "height": 103
    },
    "offset": {
      "x": 109.5,
      "y": 0.5
    },
    "originalSize": {
      "width": 355,
      "height": 244
    },
    "rotated": false,
    "capInsets": [
      0,
      0,
      0,
      0
    ],
    "vertices": {
      "rawPosition": [
        -61,
        -51.5,
        0,
        61,
        -51.5,
        0,
        -61,
        51.5,
        0,
        61,
        51.5,
        0
      ],
      "indexes": [
        0,
        1,
        2,
        2,
        1,
        3
      ],
      "uv": [
        226,
        174,
        348,
        174,
        226,
        71,
        348,
        71
      ],
      "nuv": [
        0.6366197183098592,
        0.29098360655737704,
        0.9802816901408451,
        0.29098360655737704,
        0.6366197183098592,
        0.7131147540983607,
        0.9802816901408451,
        0.7131147540983607
      ],
      "minPos": {
        "x": -61,
        "y": -51.5,
        "z": 0
      },
      "maxPos": {
        "x": 61,
        "y": 51.5,
        "z": 0
      }
    },
    "texture": "33d94a9b-8991-444a-9e0c-8f225091b180@6c48a",
    "packable": true,
    "pixelsToUnit": 100,
    "pivot": {
      "x": 0.5,
      "y": 0.5
    },
    "meshType": 0
  }
}