{
  "__type__": "cc.SpriteFrame",
  "content": {
    "name": "btn_mail_close",
    "atlas": "",
    "rect": {
      "x": 2,
      "y": 2,
      "width": 94,
      "height": 91
    },
    "offset": {
      "x": 0,
      "y": 0
    },
    "originalSize": {
      "width": 98,
      "height": 95
    },
    "rotated": false,
    "capInsets": [
      0,
      0,
      0,
      0
    ],
    "vertices": {
      "rawPosition": [
        -47,
        -45.5,
        0,
        47,
        -45.5,
        0,
        -47,
        45.5,
        0,
        47,
        45.5,
        0
      ],
      "indexes": [
        0,
        1,
        2,
        2,
        1,
        3
      ],
      "uv": [
        2,
        93,
        96,
        93,
        2,
        2,
        96,
        2
      ],
      "nuv": [
        0.02040816326530612,
        0.021052631578947368,
        0.9795918367346939,
        0.021052631578947368,
        0.02040816326530612,
        0.9789473684210527,
        0.9795918367346939,
        0.9789473684210527
      ],
      "minPos": {
        "x": -47,
        "y": -45.5,
        "z": 0
      },
      "maxPos": {
        "x": 47,
        "y": 45.5,
        "z": 0
      }
    },
    "texture": "41bbc60c-6d3e-4dca-a968-34b5d0ea3cc5@6c48a",
    "packable": true,
    "pixelsToUnit": 100,
    "pivot": {
      "x": 0.5,
      "y": 0.5
    },
    "meshType": 0
  }
}