{
  "__type__": "cc.SpriteFrame",
  "content": {
    "name": "newsTicker_bg",
    "atlas": "",
    "rect": {
      "x": 6,
      "y": 0,
      "width": 886,
      "height": 28
    },
    "offset": {
      "x": 0,
      "y": 0
    },
    "originalSize": {
      "width": 898,
      "height": 28
    },
    "rotated": false,
    "capInsets": [
      0,
      0,
      0,
      0
    ],
    "vertices": {
      "rawPosition": [
        -443,
        -14,
        0,
        443,
        -14,
        0,
        -443,
        14,
        0,
        443,
        14,
        0
      ],
      "indexes": [
        0,
        1,
        2,
        2,
        1,
        3
      ],
      "uv": [
        6,
        28,
        892,
        28,
        6,
        0,
        892,
        0
      ],
      "nuv": [
        0.0066815144766146995,
        0,
        0.9933184855233853,
        0,
        0.0066815144766146995,
        1,
        0.9933184855233853,
        1
      ],
      "minPos": {
        "x": -443,
        "y": -14,
        "z": 0
      },
      "maxPos": {
        "x": 443,
        "y": 14,
        "z": 0
      }
    },
    "texture": "1e63c321-0d0b-414a-ae46-92c186909ac3@6c48a",
    "packable": true,
    "pixelsToUnit": 100,
    "pivot": {
      "x": 0.5,
      "y": 0.5
    },
    "meshType": 0
  }
}