{
  "__type__": "cc.SpriteFrame",
  "content": {
    "name": "word_hall_hadiah",
    "atlas": "",
    "rect": {
      "x": 2,
      "y": 2,
      "width": 88,
      "height": 27
    },
    "offset": {
      "x": 0,
      "y": 0
    },
    "originalSize": {
      "width": 92,
      "height": 31
    },
    "rotated": false,
    "capInsets": [
      0,
      0,
      0,
      0
    ],
    "vertices": {
      "rawPosition": [
        -44,
        -13.5,
        0,
        44,
        -13.5,
        0,
        -44,
        13.5,
        0,
        44,
        13.5,
        0
      ],
      "indexes": [
        0,
        1,
        2,
        2,
        1,
        3
      ],
      "uv": [
        2,
        29,
        90,
        29,
        2,
        2,
        90,
        2
      ],
      "nuv": [
        0.021739130434782608,
        0.06451612903225806,
        0.9782608695652174,
        0.06451612903225806,
        0.021739130434782608,
        0.9354838709677419,
        0.9782608695652174,
        0.9354838709677419
      ],
      "minPos": {
        "x": -44,
        "y": -13.5,
        "z": 0
      },
      "maxPos": {
        "x": 44,
        "y": 13.5,
        "z": 0
      }
    },
    "texture": "1ed89249-a36c-46c8-b9e5-2cd5322ede9e@6c48a",
    "packable": true,
    "pixelsToUnit": 100,
    "pivot": {
      "x": 0.5,
      "y": 0.5
    },
    "meshType": 0
  }
}