{
  "__type__": "cc.SpriteFrame",
  "content": {
    "name": "scroll_text_bkg",
    "atlas": "",
    "rect": {
      "x": 4,
      "y": 0,
      "width": 718,
      "height": 51
    },
    "offset": {
      "x": -0.5,
      "y": 0
    },
    "originalSize": {
      "width": 727,
      "height": 51
    },
    "rotated": false,
    "capInsets": [
      0,
      0,
      0,
      0
    ],
    "vertices": {
      "rawPosition": [
        -359,
        -25.5,
        0,
        359,
        -25.5,
        0,
        -359,
        25.5,
        0,
        359,
        25.5,
        0
      ],
      "indexes": [
        0,
        1,
        2,
        2,
        1,
        3
      ],
      "uv": [
        4,
        51,
        722,
        51,
        4,
        0,
        722,
        0
      ],
      "nuv": [
        0.005502063273727648,
        0,
        0.9931224209078404,
        0,
        0.005502063273727648,
        1,
        0.9931224209078404,
        1
      ],
      "minPos": {
        "x": -359,
        "y": -25.5,
        "z": 0
      },
      "maxPos": {
        "x": 359,
        "y": 25.5,
        "z": 0
      }
    },
    "texture": "5d124f7e-c94a-440a-b780-beb02601ff75@6c48a",
    "packable": true,
    "pixelsToUnit": 100,
    "pivot": {
      "x": 0.5,
      "y": 0.5
    },
    "meshType": 0
  }
}