{
  "__type__": "cc.SpriteFrame",
  "content": {
    "name": "btn_hall_toko",
    "atlas": "",
    "rect": {
      "x": 0,
      "y": 0,
      "width": 159,
      "height": 120
    },
    "offset": {
      "x": -3,
      "y": 0
    },
    "originalSize": {
      "width": 165,
      "height": 120
    },
    "rotated": false,
    "capInsets": [
      0,
      0,
      0,
      0
    ],
    "vertices": {
      "rawPosition": [
        -79.5,
        -60,
        0,
        79.5,
        -60,
        0,
        -79.5,
        60,
        0,
        79.5,
        60,
        0
      ],
      "indexes": [
        0,
        1,
        2,
        2,
        1,
        3
      ],
      "uv": [
        0,
        120,
        159,
        120,
        0,
        0,
        159,
        0
      ],
      "nuv": [
        0,
        0,
        0.9636363636363636,
        0,
        0,
        1,
        0.9636363636363636,
        1
      ],
      "minPos": {
        "x": -79.5,
        "y": -60,
        "z": 0
      },
      "maxPos": {
        "x": 79.5,
        "y": 60,
        "z": 0
      }
    },
    "texture": "9980e0e7-edc5-4273-ac79-8d4351725463@6c48a",
    "packable": true,
    "pixelsToUnit": 100,
    "pivot": {
      "x": 0.5,
      "y": 0.5
    },
    "meshType": 0
  }
}