{
  "__type__": "cc.SpriteFrame",
  "content": {
    "name": "font_gift_5_0",
    "atlas": "",
    "rect": {
      "x": 2,
      "y": 4,
      "width": 238,
      "height": 289
    },
    "offset": {
      "x": -7,
      "y": 107.5
    },
    "originalSize": {
      "width": 256,
      "height": 512
    },
    "rotated": false,
    "capInsets": [
      0,
      0,
      0,
      0
    ],
    "vertices": {
      "rawPosition": [
        -119,
        -144.5,
        0,
        119,
        -144.5,
        0,
        -119,
        144.5,
        0,
        119,
        144.5,
        0
      ],
      "indexes": [
        0,
        1,
        2,
        2,
        1,
        3
      ],
      "uv": [
        2,
        508,
        240,
        508,
        2,
        219,
        240,
        219
      ],
      "nuv": [
        0.0078125,
        0.427734375,
        0.9375,
        0.427734375,
        0.0078125,
        0.9921875,
        0.9375,
        0.9921875
      ],
      "minPos": {
        "x": -119,
        "y": -144.5,
        "z": 0
      },
      "maxPos": {
        "x": 119,
        "y": 144.5,
        "z": 0
      }
    },
    "texture": "32581aad-4008-4826-b177-7802a82fc13e@6c48a",
    "packable": true,
    "pixelsToUnit": 100,
    "pivot": {
      "x": 0.5,
      "y": 0.5
    },
    "meshType": 0
  }
}