{
  "__type__": "cc.SpriteFrame",
  "content": {
    "name": "font_gift_3_0",
    "atlas": "",
    "rect": {
      "x": 2,
      "y": 1,
      "width": 244,
      "height": 61
    },
    "offset": {
      "x": -4,
      "y": 224.5
    },
    "originalSize": {
      "width": 256,
      "height": 512
    },
    "rotated": false,
    "capInsets": [
      0,
      0,
      0,
      0
    ],
    "vertices": {
      "rawPosition": [
        -122,
        -30.5,
        0,
        122,
        -30.5,
        0,
        -122,
        30.5,
        0,
        122,
        30.5,
        0
      ],
      "indexes": [
        0,
        1,
        2,
        2,
        1,
        3
      ],
      "uv": [
        2,
        511,
        246,
        511,
        2,
        450,
        246,
        450
      ],
      "nuv": [
        0.0078125,
        0.87890625,
        0.9609375,
        0.87890625,
        0.0078125,
        0.998046875,
        0.9609375,
        0.998046875
      ],
      "minPos": {
        "x": -122,
        "y": -30.5,
        "z": 0
      },
      "maxPos": {
        "x": 122,
        "y": 30.5,
        "z": 0
      }
    },
    "texture": "280f4c4c-4fc3-4845-9417-a1b6fd2e4a73@6c48a",
    "packable": true,
    "pixelsToUnit": 100,
    "pivot": {
      "x": 0.5,
      "y": 0.5
    },
    "meshType": 0
  }
}