{
  "__type__": "cc.SpriteFrame",
  "content": {
    "name": "turntable_bg_di",
    "atlas": "",
    "rect": {
      "x": 229,
      "y": 201,
      "width": 703,
      "height": 341
    },
    "offset": {
      "x": 114.5,
      "y": -98.5
    },
    "originalSize": {
      "width": 932,
      "height": 546
    },
    "rotated": false,
    "capInsets": [
      0,
      0,
      0,
      0
    ],
    "vertices": {
      "rawPosition": [
        -351.5,
        -170.5,
        0,
        351.5,
        -170.5,
        0,
        -351.5,
        170.5,
        0,
        351.5,
        170.5,
        0
      ],
      "indexes": [
        0,
        1,
        2,
        2,
        1,
        3
      ],
      "uv": [
        229,
        345,
        932,
        345,
        229,
        4,
        932,
        4
      ],
      "nuv": [
        0.24570815450643776,
        0.007326007326007326,
        1,
        0.007326007326007326,
        0.24570815450643776,
        0.6318681318681318,
        1,
        0.6318681318681318
      ],
      "minPos": {
        "x": -351.5,
        "y": -170.5,
        "z": 0
      },
      "maxPos": {
        "x": 351.5,
        "y": 170.5,
        "z": 0
      }
    },
    "texture": "28ac311c-1548-426b-8c72-888d1287b1c2@6c48a",
    "packable": true,
    "pixelsToUnit": 100,
    "pivot": {
      "x": 0.5,
      "y": 0.5
    },
    "meshType": 0
  }
}