{
  "__type__": "cc.SpriteFrame",
  "content": {
    "name": "newsTicker_bg1",
    "atlas": "",
    "rect": {
      "x": 0,
      "y": 1,
      "width": 31,
      "height": 27
    },
    "offset": {
      "x": -0.5,
      "y": 0
    },
    "originalSize": {
      "width": 32,
      "height": 29
    },
    "rotated": false,
    "capInsets": [
      0,
      0,
      0,
      0
    ],
    "vertices": {
      "rawPosition": [
        -15.5,
        -13.5,
        0,
        15.5,
        -13.5,
        0,
        -15.5,
        13.5,
        0,
        15.5,
        13.5,
        0
      ],
      "indexes": [
        0,
        1,
        2,
        2,
        1,
        3
      ],
      "uv": [
        0,
        28,
        31,
        28,
        0,
        1,
        31,
        1
      ],
      "nuv": [
        0,
        0.034482758620689655,
        0.96875,
        0.034482758620689655,
        0,
        0.9655172413793104,
        0.96875,
        0.9655172413793104
      ],
      "minPos": {
        "x": -15.5,
        "y": -13.5,
        "z": 0
      },
      "maxPos": {
        "x": 15.5,
        "y": 13.5,
        "z": 0
      }
    },
    "texture": "3e5bf2bf-a5a6-4154-9010-5cda9f61d686@6c48a",
    "packable": true,
    "pixelsToUnit": 100,
    "pivot": {
      "x": 0.5,
      "y": 0.5
    },
    "meshType": 0
  }
}