{
  "__type__": "cc.SpriteFrame",
  "content": {
    "name": "btn_login_phone",
    "atlas": "",
    "rect": {
      "x": 1,
      "y": 1,
      "width": 416,
      "height": 80
    },
    "offset": {
      "x": 0,
      "y": 0
    },
    "originalSize": {
      "width": 418,
      "height": 82
    },
    "rotated": false,
    "capInsets": [
      0,
      0,
      0,
      0
    ],
    "vertices": {
      "rawPosition": [
        -208,
        -40,
        0,
        208,
        -40,
        0,
        -208,
        40,
        0,
        208,
        40,
        0
      ],
      "indexes": [
        0,
        1,
        2,
        2,
        1,
        3
      ],
      "uv": [
        1,
        81,
        417,
        81,
        1,
        1,
        417,
        1
      ],
      "nuv": [
        0.0023923444976076554,
        0.012195121951219513,
        0.9976076555023924,
        0.012195121951219513,
        0.0023923444976076554,
        0.9878048780487805,
        0.9976076555023924,
        0.9878048780487805
      ],
      "minPos": {
        "x": -208,
        "y": -40,
        "z": 0
      },
      "maxPos": {
        "x": 208,
        "y": 40,
        "z": 0
      }
    },
    "texture": "3ec78112-42eb-42b7-b3d2-b2b82380e389@6c48a",
    "packable": true,
    "pixelsToUnit": 100,
    "pivot": {
      "x": 0.5,
      "y": 0.5
    },
    "meshType": 0
  }
}