{
  "__type__": "cc.SpriteFrame",
  "content": {
    "name": "bg_shop_rolr2",
    "atlas": "",
    "rect": {
      "x": 1,
      "y": 0,
      "width": 235,
      "height": 549
    },
    "offset": {
      "x": 0.5,
      "y": 2.5
    },
    "originalSize": {
      "width": 236,
      "height": 554
    },
    "rotated": false,
    "capInsets": [
      0,
      0,
      0,
      0
    ],
    "vertices": {
      "rawPosition": [
        -117.5,
        -274.5,
        0,
        117.5,
        -274.5,
        0,
        -117.5,
        274.5,
        0,
        117.5,
        274.5,
        0
      ],
      "indexes": [
        0,
        1,
        2,
        2,
        1,
        3
      ],
      "uv": [
        1,
        554,
        236,
        554,
        1,
        5,
        236,
        5
      ],
      "nuv": [
        0.00423728813559322,
        0.009025270758122744,
        1,
        0.009025270758122744,
        0.00423728813559322,
        1,
        1,
        1
      ],
      "minPos": {
        "x": -117.5,
        "y": -274.5,
        "z": 0
      },
      "maxPos": {
        "x": 117.5,
        "y": 274.5,
        "z": 0
      }
    },
    "texture": "e4738e65-bc89-4b5e-ba74-f15b787f0160@6c48a",
    "packable": true,
    "pixelsToUnit": 100,
    "pivot": {
      "x": 0.5,
      "y": 0.5
    },
    "meshType": 0
  }
}