{
  "__type__": "cc.SpriteFrame",
  "content": {
    "name": "word_awardVip_title",
    "atlas": "",
    "rect": {
      "x": 3,
      "y": 2,
      "width": 242,
      "height": 83
    },
    "offset": {
      "x": 0.5,
      "y": -0.5
    },
    "originalSize": {
      "width": 247,
      "height": 86
    },
    "rotated": false,
    "capInsets": [
      0,
      0,
      0,
      0
    ],
    "vertices": {
      "rawPosition": [
        -121,
        -41.5,
        0,
        121,
        -41.5,
        0,
        -121,
        41.5,
        0,
        121,
        41.5,
        0
      ],
      "indexes": [
        0,
        1,
        2,
        2,
        1,
        3
      ],
      "uv": [
        3,
        84,
        245,
        84,
        3,
        1,
        245,
        1
      ],
      "nuv": [
        0.012145748987854251,
        0.011627906976744186,
        0.9919028340080972,
        0.011627906976744186,
        0.012145748987854251,
        0.9767441860465116,
        0.9919028340080972,
        0.9767441860465116
      ],
      "minPos": {
        "x": -121,
        "y": -41.5,
        "z": 0
      },
      "maxPos": {
        "x": 121,
        "y": 41.5,
        "z": 0
      }
    },
    "texture": "4c01ca4d-9548-4c64-b856-ff58b3e6c591@6c48a",
    "packable": true,
    "pixelsToUnit": 100,
    "pivot": {
      "x": 0.5,
      "y": 0.5
    },
    "meshType": 0
  }
}