{
  "__type__": "cc.SpriteFrame",
  "content": {
    "name": "png_update_tipsBg",
    "atlas": "",
    "rect": {
      "x": 0,
      "y": 6,
      "width": 740,
      "height": 500
    },
    "offset": {
      "x": 0,
      "y": -3
    },
    "originalSize": {
      "width": 740,
      "height": 506
    },
    "rotated": false,
    "capInsets": [
      0,
      0,
      0,
      0
    ],
    "vertices": {
      "rawPosition": [
        -370,
        -250,
        0,
        370,
        -250,
        0,
        -370,
        250,
        0,
        370,
        250,
        0
      ],
      "indexes": [
        0,
        1,
        2,
        2,
        1,
        3
      ],
      "uv": [
        0,
        500,
        740,
        500,
        0,
        0,
        740,
        0
      ],
      "nuv": [
        0,
        0,
        1,
        0,
        0,
        0.9881422924901185,
        1,
        0.9881422924901185
      ],
      "minPos": {
        "x": -370,
        "y": -250,
        "z": 0
      },
      "maxPos": {
        "x": 370,
        "y": 250,
        "z": 0
      }
    },
    "texture": "6abf215a-4c94-4b9d-8a2a-2e53be9c2695@6c48a",
    "packable": true,
    "pixelsToUnit": 100,
    "pivot": {
      "x": 0.5,
      "y": 0.5
    },
    "meshType": 0
  }
}