{
  "__type__": "cc.SpriteFrame",
  "content": {
    "name": "btn_hall_add2",
    "atlas": "",
    "rect": {
      "x": 1,
      "y": 0,
      "width": 38,
      "height": 36
    },
    "offset": {
      "x": 0.5,
      "y": 0.5
    },
    "originalSize": {
      "width": 39,
      "height": 37
    },
    "rotated": false,
    "capInsets": [
      0,
      0,
      0,
      0
    ],
    "vertices": {
      "rawPosition": [
        -19,
        -18,
        0,
        19,
        -18,
        0,
        -19,
        18,
        0,
        19,
        18,
        0
      ],
      "indexes": [
        0,
        1,
        2,
        2,
        1,
        3
      ],
      "uv": [
        1,
        37,
        39,
        37,
        1,
        1,
        39,
        1
      ],
      "nuv": [
        0.02564102564102564,
        0.02702702702702703,
        1,
        0.02702702702702703,
        0.02564102564102564,
        1,
        1,
        1
      ],
      "minPos": {
        "x": -19,
        "y": -18,
        "z": 0
      },
      "maxPos": {
        "x": 19,
        "y": 18,
        "z": 0
      }
    },
    "texture": "823012ef-6483-47f7-baf7-02a8969a63a5@6c48a",
    "packable": true,
    "pixelsToUnit": 100,
    "pivot": {
      "x": 0.5,
      "y": 0.5
    },
    "meshType": 0
  }
}