{
  "__type__": "cc.SpriteFrame",
  "content": {
    "name": "btn_title_help",
    "atlas": "",
    "rect": {
      "x": 0,
      "y": 1,
      "width": 81,
      "height": 81
    },
    "offset": {
      "x": -1,
      "y": -0.5
    },
    "originalSize": {
      "width": 83,
      "height": 82
    },
    "rotated": false,
    "capInsets": [
      0,
      0,
      0,
      0
    ],
    "vertices": {
      "rawPosition": [
        -40.5,
        -40.5,
        0,
        40.5,
        -40.5,
        0,
        -40.5,
        40.5,
        0,
        40.5,
        40.5,
        0
      ],
      "indexes": [
        0,
        1,
        2,
        2,
        1,
        3
      ],
      "uv": [
        0,
        81,
        81,
        81,
        0,
        0,
        81,
        0
      ],
      "nuv": [
        0,
        0,
        0.9759036144578314,
        0,
        0,
        0.9878048780487805,
        0.9759036144578314,
        0.9878048780487805
      ],
      "minPos": {
        "x": -40.5,
        "y": -40.5,
        "z": 0
      },
      "maxPos": {
        "x": 40.5,
        "y": 40.5,
        "z": 0
      }
    },
    "texture": "8fa36dcb-eb0b-442d-8b61-99b6de44e541@6c48a",
    "packable": true,
    "pixelsToUnit": 100,
    "pivot": {
      "x": 0.5,
      "y": 0.5
    },
    "meshType": 0
  }
}