{
  "__type__": "cc.SpriteFrame",
  "content": {
    "name": "bg_zuozo",
    "atlas": "",
    "rect": {
      "x": 0,
      "y": 27,
      "width": 455,
      "height": 505
    },
    "offset": {
      "x": -0.5,
      "y": -13.5
    },
    "originalSize": {
      "width": 456,
      "height": 532
    },
    "rotated": false,
    "capInsets": [
      0,
      0,
      0,
      0
    ],
    "vertices": {
      "rawPosition": [
        -227.5,
        -252.5,
        0,
        227.5,
        -252.5,
        0,
        -227.5,
        252.5,
        0,
        227.5,
        252.5,
        0
      ],
      "indexes": [
        0,
        1,
        2,
        2,
        1,
        3
      ],
      "uv": [
        0,
        505,
        455,
        505,
        0,
        0,
        455,
        0
      ],
      "nuv": [
        0,
        0,
        0.9978070175438597,
        0,
        0,
        0.9492481203007519,
        0.9978070175438597,
        0.9492481203007519
      ],
      "minPos": {
        "x": -227.5,
        "y": -252.5,
        "z": 0
      },
      "maxPos": {
        "x": 227.5,
        "y": 252.5,
        "z": 0
      }
    },
    "texture": "d49e1fa8-9392-47c5-ba6d-41e36b83e72b@6c48a",
    "packable": true,
    "pixelsToUnit": 100,
    "pivot": {
      "x": 0.5,
      "y": 0.5
    },
    "meshType": 0
  }
}