{
  "__type__": "cc.SpriteFrame",
  "content": {
    "name": "download_icon",
    "atlas": "",
    "rect": {
      "x": 1,
      "y": 1,
      "width": 76,
      "height": 81
    },
    "offset": {
      "x": 0,
      "y": 0
    },
    "originalSize": {
      "width": 78,
      "height": 83
    },
    "rotated": false,
    "capInsets": [
      0,
      0,
      0,
      0
    ],
    "vertices": {
      "rawPosition": [
        -38,
        -40.5,
        0,
        38,
        -40.5,
        0,
        -38,
        40.5,
        0,
        38,
        40.5,
        0
      ],
      "indexes": [
        0,
        1,
        2,
        2,
        1,
        3
      ],
      "uv": [
        1,
        82,
        77,
        82,
        1,
        1,
        77,
        1
      ],
      "nuv": [
        0.01282051282051282,
        0.012048192771084338,
        0.9871794871794872,
        0.012048192771084338,
        0.01282051282051282,
        0.9879518072289156,
        0.9871794871794872,
        0.9879518072289156
      ],
      "minPos": {
        "x": -38,
        "y": -40.5,
        "z": 0
      },
      "maxPos": {
        "x": 38,
        "y": 40.5,
        "z": 0
      }
    },
    "texture": "d49f5d1f-fc4c-4314-b0c8-7b3a3346c42a@6c48a",
    "packable": true,
    "pixelsToUnit": 100,
    "pivot": {
      "x": 0.5,
      "y": 0.5
    },
    "meshType": 0
  }
}