{
  "__type__": "cc.SpriteFrame",
  "content": {
    "name": "icon_mail_item",
    "atlas": "",
    "rect": {
      "x": 0,
      "y": 0,
      "width": 39,
      "height": 37
    },
    "offset": {
      "x": 0,
      "y": 0.5
    },
    "originalSize": {
      "width": 39,
      "height": 38
    },
    "rotated": false,
    "capInsets": [
      0,
      0,
      0,
      0
    ],
    "vertices": {
      "rawPosition": [
        -19.5,
        -18.5,
        0,
        19.5,
        -18.5,
        0,
        -19.5,
        18.5,
        0,
        19.5,
        18.5,
        0
      ],
      "indexes": [
        0,
        1,
        2,
        2,
        1,
        3
      ],
      "uv": [
        0,
        38,
        39,
        38,
        0,
        1,
        39,
        1
      ],
      "nuv": [
        0,
        0.02631578947368421,
        1,
        0.02631578947368421,
        0,
        1,
        1,
        1
      ],
      "minPos": {
        "x": -19.5,
        "y": -18.5,
        "z": 0
      },
      "maxPos": {
        "x": 19.5,
        "y": 18.5,
        "z": 0
      }
    },
    "texture": "9e66116a-948e-4d10-b8b8-92454240495c@6c48a",
    "packable": true,
    "pixelsToUnit": 100,
    "pivot": {
      "x": 0.5,
      "y": 0.5
    },
    "meshType": 0
  }
}