{
  "__type__": "cc.SpriteFrame",
  "content": {
    "name": "btn_dt_vip_suoding",
    "atlas": "",
    "rect": {
      "x": 2,
      "y": 2,
      "width": 258,
      "height": 99
    },
    "offset": {
      "x": 0,
      "y": -0.5
    },
    "originalSize": {
      "width": 262,
      "height": 102
    },
    "rotated": false,
    "capInsets": [
      0,
      0,
      0,
      0
    ],
    "vertices": {
      "rawPosition": [
        -129,
        -49.5,
        0,
        129,
        -49.5,
        0,
        -129,
        49.5,
        0,
        129,
        49.5,
        0
      ],
      "indexes": [
        0,
        1,
        2,
        2,
        1,
        3
      ],
      "uv": [
        2,
        100,
        260,
        100,
        2,
        1,
        260,
        1
      ],
      "nuv": [
        0.007633587786259542,
        0.00980392156862745,
        0.9923664122137404,
        0.00980392156862745,
        0.007633587786259542,
        0.9803921568627451,
        0.9923664122137404,
        0.9803921568627451
      ],
      "minPos": {
        "x": -129,
        "y": -49.5,
        "z": 0
      },
      "maxPos": {
        "x": 129,
        "y": 49.5,
        "z": 0
      }
    },
    "texture": "2bdd949d-bae2-4022-8de2-cf5f2af98ce6@6c48a",
    "packable": true,
    "pixelsToUnit": 100,
    "pivot": {
      "x": 0.5,
      "y": 0.5
    },
    "meshType": 0
  }
}