{
  "__type__": "cc.SpriteFrame",
  "content": {
    "name": "btn_dt_vip_suoding",
    "atlas": "",
    "rect": {
      "x": 2,
      "y": 1,
      "width": 256,
      "height": 88
    },
    "offset": {
      "x": 0,
      "y": 0
    },
    "originalSize": {
      "width": 260,
      "height": 90
    },
    "rotated": false,
    "capInsets": [
      0,
      0,
      0,
      0
    ],
    "vertices": {
      "rawPosition": [
        -128,
        -44,
        0,
        128,
        -44,
        0,
        -128,
        44,
        0,
        128,
        44,
        0
      ],
      "indexes": [
        0,
        1,
        2,
        2,
        1,
        3
      ],
      "uv": [
        2,
        89,
        258,
        89,
        2,
        1,
        258,
        1
      ],
      "nuv": [
        0.007692307692307693,
        0.011111111111111112,
        0.9923076923076923,
        0.011111111111111112,
        0.007692307692307693,
        0.9888888888888889,
        0.9923076923076923,
        0.9888888888888889
      ],
      "minPos": {
        "x": -128,
        "y": -44,
        "z": 0
      },
      "maxPos": {
        "x": 128,
        "y": 44,
        "z": 0
      }
    },
    "texture": "2bdd949d-bae2-4022-8de2-cf5f2af98ce6@6c48a",
    "packable": true,
    "pixelsToUnit": 100,
    "pivot": {
      "x": 0.5,
      "y": 0.5
    },
    "meshType": 0
  }
}