{
  "__type__": "cc.SpriteFrame",
  "content": {
    "name": "word_hall_promosi",
    "atlas": "",
    "rect": {
      "x": 2,
      "y": 2,
      "width": 97,
      "height": 26
    },
    "offset": {
      "x": 0,
      "y": 0
    },
    "originalSize": {
      "width": 101,
      "height": 30
    },
    "rotated": false,
    "capInsets": [
      0,
      0,
      0,
      0
    ],
    "vertices": {
      "rawPosition": [
        -48.5,
        -13,
        0,
        48.5,
        -13,
        0,
        -48.5,
        13,
        0,
        48.5,
        13,
        0
      ],
      "indexes": [
        0,
        1,
        2,
        2,
        1,
        3
      ],
      "uv": [
        2,
        28,
        99,
        28,
        2,
        2,
        99,
        2
      ],
      "nuv": [
        0.019801980198019802,
        0.06666666666666667,
        0.9801980198019802,
        0.06666666666666667,
        0.019801980198019802,
        0.9333333333333333,
        0.9801980198019802,
        0.9333333333333333
      ],
      "minPos": {
        "x": -48.5,
        "y": -13,
        "z": 0
      },
      "maxPos": {
        "x": 48.5,
        "y": 13,
        "z": 0
      }
    },
    "texture": "6d5ccbe1-fa7d-40c4-a444-a67ed2bb048d@6c48a",
    "packable": true,
    "pixelsToUnit": 100,
    "pivot": {
      "x": 0.5,
      "y": 0.5
    },
    "meshType": 0
  }
}