{
  "__type__": "cc.SpriteFrame",
  "content": {
    "name": "btn_type_slots1",
    "atlas": "",
    "rect": {
      "x": 0,
      "y": 0,
      "width": 140,
      "height": 35
    },
    "offset": {
      "x": -0.5,
      "y": 0.5
    },
    "originalSize": {
      "width": 141,
      "height": 36
    },
    "rotated": false,
    "capInsets": [
      0,
      0,
      0,
      0
    ],
    "vertices": {
      "rawPosition": [
        -70,
        -17.5,
        0,
        70,
        -17.5,
        0,
        -70,
        17.5,
        0,
        70,
        17.5,
        0
      ],
      "indexes": [
        0,
        1,
        2,
        2,
        1,
        3
      ],
      "uv": [
        0,
        36,
        140,
        36,
        0,
        1,
        140,
        1
      ],
      "nuv": [
        0,
        0.027777777777777776,
        0.9929078014184397,
        0.027777777777777776,
        0,
        1,
        0.9929078014184397,
        1
      ],
      "minPos": {
        "x": -70,
        "y": -17.5,
        "z": 0
      },
      "maxPos": {
        "x": 70,
        "y": 17.5,
        "z": 0
      }
    },
    "texture": "ea119e57-79d6-4314-a0bb-0897a2bd1a90@6c48a",
    "packable": true,
    "pixelsToUnit": 100,
    "pivot": {
      "x": 0.5,
      "y": 0.5
    },
    "meshType": 0
  }
}