{
  "__type__": "cc.SpriteFrame",
  "content": {
    "name": "btn_common_of",
    "atlas": "",
    "rect": {
      "x": 1,
      "y": 1,
      "width": 238,
      "height": 62
    },
    "offset": {
      "x": 0,
      "y": 0
    },
    "originalSize": {
      "width": 240,
      "height": 64
    },
    "rotated": false,
    "capInsets": [
      0,
      0,
      0,
      0
    ],
    "vertices": {
      "rawPosition": [
        -119,
        -31,
        0,
        119,
        -31,
        0,
        -119,
        31,
        0,
        119,
        31,
        0
      ],
      "indexes": [
        0,
        1,
        2,
        2,
        1,
        3
      ],
      "uv": [
        1,
        63,
        239,
        63,
        1,
        1,
        239,
        1
      ],
      "nuv": [
        0.004166666666666667,
        0.015625,
        0.9958333333333333,
        0.015625,
        0.004166666666666667,
        0.984375,
        0.9958333333333333,
        0.984375
      ],
      "minPos": {
        "x": -119,
        "y": -31,
        "z": 0
      },
      "maxPos": {
        "x": 119,
        "y": 31,
        "z": 0
      }
    },
    "texture": "eaa72cff-b842-4e18-988c-bec07913d526@6c48a",
    "packable": true,
    "pixelsToUnit": 100,
    "pivot": {
      "x": 0.5,
      "y": 0.5
    },
    "meshType": 0
  }
}