{
  "__type__": "cc.SpriteFrame",
  "content": {
    "name": "icon_dt_xinxi_vip2",
    "atlas": "",
    "rect": {
      "x": 2,
      "y": 13,
      "width": 49,
      "height": 38
    },
    "offset": {
      "x": -0.5,
      "y": 0
    },
    "originalSize": {
      "width": 54,
      "height": 64
    },
    "rotated": false,
    "capInsets": [
      0,
      0,
      0,
      0
    ],
    "vertices": {
      "rawPosition": [
        -24.5,
        -19,
        0,
        24.5,
        -19,
        0,
        -24.5,
        19,
        0,
        24.5,
        19,
        0
      ],
      "indexes": [
        0,
        1,
        2,
        2,
        1,
        3
      ],
      "uv": [
        2,
        51,
        51,
        51,
        2,
        13,
        51,
        13
      ],
      "nuv": [
        0.037037037037037035,
        0.203125,
        0.9444444444444444,
        0.203125,
        0.037037037037037035,
        0.796875,
        0.9444444444444444,
        0.796875
      ],
      "minPos": {
        "x": -24.5,
        "y": -19,
        "z": 0
      },
      "maxPos": {
        "x": 24.5,
        "y": 19,
        "z": 0
      }
    },
    "texture": "0b56ff94-1c5a-49f4-bf37-6a4277d61c8d@6c48a",
    "packable": true,
    "pixelsToUnit": 100,
    "pivot": {
      "x": 0.5,
      "y": 0.5
    },
    "meshType": 0
  }
}