{
  "__type__": "cc.SpriteFrame",
  "content": {
    "name": "panel_award_bg1",
    "atlas": "",
    "rect": {
      "x": 3,
      "y": 1,
      "width": 1137,
      "height": 271
    },
    "offset": {
      "x": 1.5,
      "y": -0.5
    },
    "originalSize": {
      "width": 1140,
      "height": 272
    },
    "rotated": false,
    "capInsets": [
      0,
      0,
      0,
      0
    ],
    "vertices": {
      "rawPosition": [
        -568.5,
        -135.5,
        0,
        568.5,
        -135.5,
        0,
        -568.5,
        135.5,
        0,
        568.5,
        135.5,
        0
      ],
      "indexes": [
        0,
        1,
        2,
        2,
        1,
        3
      ],
      "uv": [
        3,
        271,
        1140,
        271,
        3,
        0,
        1140,
        0
      ],
      "nuv": [
        0.002631578947368421,
        0,
        1,
        0,
        0.002631578947368421,
        0.9963235294117647,
        1,
        0.9963235294117647
      ],
      "minPos": {
        "x": -568.5,
        "y": -135.5,
        "z": 0
      },
      "maxPos": {
        "x": 568.5,
        "y": 135.5,
        "z": 0
      }
    },
    "texture": "682229c8-a2bc-48ac-a306-a739ab472f9f@6c48a",
    "packable": true,
    "pixelsToUnit": 100,
    "pivot": {
      "x": 0.5,
      "y": 0.5
    },
    "meshType": 0
  }
}