{
  "__type__": "cc.SpriteFrame",
  "content": {
    "name": "font_rate_0",
    "atlas": "",
    "rect": {
      "x": 0,
      "y": 0,
      "width": 295,
      "height": 140
    },
    "offset": {
      "x": -2.5,
      "y": 30
    },
    "originalSize": {
      "width": 300,
      "height": 200
    },
    "rotated": false,
    "capInsets": [
      0,
      0,
      0,
      0
    ],
    "vertices": {
      "rawPosition": [
        -147.5,
        -70,
        0,
        147.5,
        -70,
        0,
        -147.5,
        70,
        0,
        147.5,
        70,
        0
      ],
      "indexes": [
        0,
        1,
        2,
        2,
        1,
        3
      ],
      "uv": [
        0,
        200,
        295,
        200,
        0,
        60,
        295,
        60
      ],
      "nuv": [
        0,
        0.3,
        0.9833333333333333,
        0.3,
        0,
        1,
        0.9833333333333333,
        1
      ],
      "minPos": {
        "x": -147.5,
        "y": -70,
        "z": 0
      },
      "maxPos": {
        "x": 147.5,
        "y": 70,
        "z": 0
      }
    },
    "texture": "2a8cc7a3-fed1-4316-ac6a-197d7872e2f4@6c48a",
    "packable": true,
    "pixelsToUnit": 100,
    "pivot": {
      "x": 0.5,
      "y": 0.5
    },
    "meshType": 0
  }
}