{
  "__type__": "cc.SpriteFrame",
  "content": {
    "name": "font_rate_0",
    "atlas": "",
    "rect": {
      "x": 1,
      "y": 1,
      "width": 291,
      "height": 133
    },
    "offset": {
      "x": -3.5,
      "y": 82.5
    },
    "originalSize": {
      "width": 300,
      "height": 300
    },
    "rotated": false,
    "capInsets": [
      0,
      0,
      0,
      0
    ],
    "vertices": {
      "rawPosition": [
        -145.5,
        -66.5,
        0,
        145.5,
        -66.5,
        0,
        -145.5,
        66.5,
        0,
        145.5,
        66.5,
        0
      ],
      "indexes": [
        0,
        1,
        2,
        2,
        1,
        3
      ],
      "uv": [
        1,
        299,
        292,
        299,
        1,
        166,
        292,
        166
      ],
      "nuv": [
        0.0033333333333333335,
        0.5533333333333333,
        0.9733333333333334,
        0.5533333333333333,
        0.0033333333333333335,
        0.9966666666666667,
        0.9733333333333334,
        0.9966666666666667
      ],
      "minPos": {
        "x": -145.5,
        "y": -66.5,
        "z": 0
      },
      "maxPos": {
        "x": 145.5,
        "y": 66.5,
        "z": 0
      }
    },
    "texture": "2a8cc7a3-fed1-4316-ac6a-197d7872e2f4@6c48a",
    "packable": true,
    "pixelsToUnit": 100,
    "pivot": {
      "x": 0.5,
      "y": 0.5
    },
    "meshType": 0
  }
}