{
  "__type__": "cc.SpriteFrame",
  "content": {
    "name": "login_icon",
    "atlas": "",
    "rect": {
      "x": 1,
      "y": 0,
      "width": 497,
      "height": 246
    },
    "offset": {
      "x": 0,
      "y": 0.5
    },
    "originalSize": {
      "width": 499,
      "height": 247
    },
    "rotated": false,
    "capInsets": [
      0,
      0,
      0,
      0
    ],
    "vertices": {
      "rawPosition": [
        -248.5,
        -123,
        0,
        248.5,
        -123,
        0,
        -248.5,
        123,
        0,
        248.5,
        123,
        0
      ],
      "indexes": [
        0,
        1,
        2,
        2,
        1,
        3
      ],
      "uv": [
        1,
        247,
        498,
        247,
        1,
        1,
        498,
        1
      ],
      "nuv": [
        0.002004008016032064,
        0.004048582995951417,
        0.9979959919839679,
        0.004048582995951417,
        0.002004008016032064,
        1,
        0.9979959919839679,
        1
      ],
      "minPos": {
        "x": -248.5,
        "y": -123,
        "z": 0
      },
      "maxPos": {
        "x": 248.5,
        "y": 123,
        "z": 0
      }
    },
    "texture": "adb89388-0e7c-4d73-b3c6-bf40cf0161ad@6c48a",
    "packable": true,
    "pixelsToUnit": 100,
    "pivot": {
      "x": 0.5,
      "y": 0.5
    },
    "meshType": 0
  }
}