{
  "__type__": "cc.SpriteFrame",
  "content": {
    "name": "loading14",
    "atlas": "",
    "rect": {
      "x": 92,
      "y": 20,
      "width": 255,
      "height": 197
    },
    "offset": {
      "x": 42,
      "y": 3.5
    },
    "originalSize": {
      "width": 355,
      "height": 244
    },
    "rotated": false,
    "capInsets": [
      0,
      0,
      0,
      0
    ],
    "vertices": {
      "rawPosition": [
        -127.5,
        -98.5,
        0,
        127.5,
        -98.5,
        0,
        -127.5,
        98.5,
        0,
        127.5,
        98.5,
        0
      ],
      "indexes": [
        0,
        1,
        2,
        2,
        1,
        3
      ],
      "uv": [
        92,
        224,
        347,
        224,
        92,
        27,
        347,
        27
      ],
      "nuv": [
        0.2591549295774648,
        0.11065573770491803,
        0.9774647887323944,
        0.11065573770491803,
        0.2591549295774648,
        0.9180327868852459,
        0.9774647887323944,
        0.9180327868852459
      ],
      "minPos": {
        "x": -127.5,
        "y": -98.5,
        "z": 0
      },
      "maxPos": {
        "x": 127.5,
        "y": 98.5,
        "z": 0
      }
    },
    "texture": "7a9da56a-6b38-49b1-ab2d-68f503408bc9@6c48a",
    "packable": true,
    "pixelsToUnit": 100,
    "pivot": {
      "x": 0.5,
      "y": 0.5
    },
    "meshType": 0
  }
}