{
  "__type__": "cc.SpriteFrame",
  "content": {
    "name": "font_bangding_0",
    "atlas": "",
    "rect": {
      "x": 0,
      "y": 0,
      "width": 253,
      "height": 168
    },
    "offset": {
      "x": -1.5,
      "y": 44
    },
    "originalSize": {
      "width": 256,
      "height": 256
    },
    "rotated": false,
    "capInsets": [
      0,
      0,
      0,
      0
    ],
    "vertices": {
      "rawPosition": [
        -126.5,
        -84,
        0,
        126.5,
        -84,
        0,
        -126.5,
        84,
        0,
        126.5,
        84,
        0
      ],
      "indexes": [
        0,
        1,
        2,
        2,
        1,
        3
      ],
      "uv": [
        0,
        256,
        253,
        256,
        0,
        88,
        253,
        88
      ],
      "nuv": [
        0,
        0.34375,
        0.98828125,
        0.34375,
        0,
        1,
        0.98828125,
        1
      ],
      "minPos": {
        "x": -126.5,
        "y": -84,
        "z": 0
      },
      "maxPos": {
        "x": 126.5,
        "y": 84,
        "z": 0
      }
    },
    "texture": "089bafd5-56cf-4886-97c2-d07919420c4f@6c48a",
    "packable": true,
    "pixelsToUnit": 100,
    "pivot": {
      "x": 0.5,
      "y": 0.5
    },
    "meshType": 0
  }
}