{
  "__type__": "cc.SpriteFrame",
  "content": {
    "name": "btn_gift_xuanzhong",
    "atlas": "",
    "rect": {
      "x": 1,
      "y": 0,
      "width": 30,
      "height": 31
    },
    "offset": {
      "x": -1,
      "y": 1.5
    },
    "originalSize": {
      "width": 34,
      "height": 34
    },
    "rotated": false,
    "capInsets": [
      0,
      0,
      0,
      0
    ],
    "vertices": {
      "rawPosition": [
        -15,
        -15.5,
        0,
        15,
        -15.5,
        0,
        -15,
        15.5,
        0,
        15,
        15.5,
        0
      ],
      "indexes": [
        0,
        1,
        2,
        2,
        1,
        3
      ],
      "uv": [
        1,
        34,
        31,
        34,
        1,
        3,
        31,
        3
      ],
      "nuv": [
        0.029411764705882353,
        0.08823529411764706,
        0.9117647058823529,
        0.08823529411764706,
        0.029411764705882353,
        1,
        0.9117647058823529,
        1
      ],
      "minPos": {
        "x": -15,
        "y": -15.5,
        "z": 0
      },
      "maxPos": {
        "x": 15,
        "y": 15.5,
        "z": 0
      }
    },
    "texture": "616d13fb-cfbc-43c5-baf8-1d34b0d9b29d@6c48a",
    "packable": true,
    "pixelsToUnit": 100,
    "pivot": {
      "x": 0.5,
      "y": 0.5
    },
    "meshType": 0
  }
}