{
  "__type__": "cc.SpriteFrame",
  "content": {
    "name": "loading7",
    "atlas": "",
    "rect": {
      "x": 5,
      "y": 22,
      "width": 215,
      "height": 193
    },
    "offset": {
      "x": -65,
      "y": 3.5
    },
    "originalSize": {
      "width": 355,
      "height": 244
    },
    "rotated": false,
    "capInsets": [
      0,
      0,
      0,
      0
    ],
    "vertices": {
      "rawPosition": [
        -107.5,
        -96.5,
        0,
        107.5,
        -96.5,
        0,
        -107.5,
        96.5,
        0,
        107.5,
        96.5,
        0
      ],
      "indexes": [
        0,
        1,
        2,
        2,
        1,
        3
      ],
      "uv": [
        5,
        222,
        220,
        222,
        5,
        29,
        220,
        29
      ],
      "nuv": [
        0.014084507042253521,
        0.11885245901639344,
        0.6197183098591549,
        0.11885245901639344,
        0.014084507042253521,
        0.9098360655737705,
        0.6197183098591549,
        0.9098360655737705
      ],
      "minPos": {
        "x": -107.5,
        "y": -96.5,
        "z": 0
      },
      "maxPos": {
        "x": 107.5,
        "y": 96.5,
        "z": 0
      }
    },
    "texture": "79b737be-42db-4ff0-9c22-cecd26bf17fb@6c48a",
    "packable": true,
    "pixelsToUnit": 100,
    "pivot": {
      "x": 0.5,
      "y": 0.5
    },
    "meshType": 0
  }
}