{
  "__type__": "cc.SpriteFrame",
  "content": {
    "name": "word_hall_rabat",
    "atlas": "",
    "rect": {
      "x": 2,
      "y": 2,
      "width": 74,
      "height": 27
    },
    "offset": {
      "x": 0,
      "y": 0
    },
    "originalSize": {
      "width": 78,
      "height": 31
    },
    "rotated": false,
    "capInsets": [
      0,
      0,
      0,
      0
    ],
    "vertices": {
      "rawPosition": [
        -37,
        -13.5,
        0,
        37,
        -13.5,
        0,
        -37,
        13.5,
        0,
        37,
        13.5,
        0
      ],
      "indexes": [
        0,
        1,
        2,
        2,
        1,
        3
      ],
      "uv": [
        2,
        29,
        76,
        29,
        2,
        2,
        76,
        2
      ],
      "nuv": [
        0.02564102564102564,
        0.06451612903225806,
        0.9743589743589743,
        0.06451612903225806,
        0.02564102564102564,
        0.9354838709677419,
        0.9743589743589743,
        0.9354838709677419
      ],
      "minPos": {
        "x": -37,
        "y": -13.5,
        "z": 0
      },
      "maxPos": {
        "x": 37,
        "y": 13.5,
        "z": 0
      }
    },
    "texture": "cc533921-b2d2-42a9-84dd-2aae8ed2f5a4@6c48a",
    "packable": true,
    "pixelsToUnit": 100,
    "pivot": {
      "x": 0.5,
      "y": 0.5
    },
    "meshType": 0
  }
}