{
  "__type__": "cc.SpriteFrame",
  "content": {
    "name": "btn_login_situs",
    "atlas": "",
    "rect": {
      "x": 1,
      "y": 0,
      "width": 64,
      "height": 74
    },
    "offset": {
      "x": 0,
      "y": 0
    },
    "originalSize": {
      "width": 66,
      "height": 74
    },
    "rotated": false,
    "capInsets": [
      0,
      0,
      0,
      0
    ],
    "vertices": {
      "rawPosition": [
        -32,
        -37,
        0,
        32,
        -37,
        0,
        -32,
        37,
        0,
        32,
        37,
        0
      ],
      "indexes": [
        0,
        1,
        2,
        2,
        1,
        3
      ],
      "uv": [
        1,
        74,
        65,
        74,
        1,
        0,
        65,
        0
      ],
      "nuv": [
        0.015151515151515152,
        0,
        0.9848484848484849,
        0,
        0.015151515151515152,
        1,
        0.9848484848484849,
        1
      ],
      "minPos": {
        "x": -32,
        "y": -37,
        "z": 0
      },
      "maxPos": {
        "x": 32,
        "y": 37,
        "z": 0
      }
    },
    "texture": "ccdf2262-c1ba-4593-ac5b-0d93c6647850@6c48a",
    "packable": true,
    "pixelsToUnit": 100,
    "pivot": {
      "x": 0.5,
      "y": 0.5
    },
    "meshType": 0
  }
}