{
  "__type__": "cc.SpriteFrame",
  "content": {
    "name": "img_hall_kuang",
    "atlas": "",
    "rect": {
      "x": 1,
      "y": 0,
      "width": 310,
      "height": 284
    },
    "offset": {
      "x": 0.5,
      "y": 0.5
    },
    "originalSize": {
      "width": 311,
      "height": 285
    },
    "rotated": false,
    "capInsets": [
      0,
      0,
      0,
      0
    ],
    "vertices": {
      "rawPosition": [
        -155,
        -142,
        0,
        155,
        -142,
        0,
        -155,
        142,
        0,
        155,
        142,
        0
      ],
      "indexes": [
        0,
        1,
        2,
        2,
        1,
        3
      ],
      "uv": [
        1,
        285,
        311,
        285,
        1,
        1,
        311,
        1
      ],
      "nuv": [
        0.003215434083601286,
        0.0035087719298245615,
        1,
        0.0035087719298245615,
        0.003215434083601286,
        1,
        1,
        1
      ],
      "minPos": {
        "x": -155,
        "y": -142,
        "z": 0
      },
      "maxPos": {
        "x": 155,
        "y": 142,
        "z": 0
      }
    },
    "texture": "2faea215-ba89-4d06-a605-f70f212ee588@6c48a",
    "packable": true,
    "pixelsToUnit": 100,
    "pivot": {
      "x": 0.5,
      "y": 0.5
    },
    "meshType": 0
  }
}