{
  "__type__": "cc.SpriteFrame",
  "content": {
    "name": "btn_type_domino1",
    "atlas": "",
    "rect": {
      "x": 1,
      "y": 1,
      "width": 160,
      "height": 40
    },
    "offset": {
      "x": 0,
      "y": 0
    },
    "originalSize": {
      "width": 162,
      "height": 42
    },
    "rotated": false,
    "capInsets": [
      0,
      0,
      0,
      0
    ],
    "vertices": {
      "rawPosition": [
        -80,
        -20,
        0,
        80,
        -20,
        0,
        -80,
        20,
        0,
        80,
        20,
        0
      ],
      "indexes": [
        0,
        1,
        2,
        2,
        1,
        3
      ],
      "uv": [
        1,
        41,
        161,
        41,
        1,
        1,
        161,
        1
      ],
      "nuv": [
        0.006172839506172839,
        0.023809523809523808,
        0.9938271604938271,
        0.023809523809523808,
        0.006172839506172839,
        0.9761904761904762,
        0.9938271604938271,
        0.9761904761904762
      ],
      "minPos": {
        "x": -80,
        "y": -20,
        "z": 0
      },
      "maxPos": {
        "x": 80,
        "y": 20,
        "z": 0
      }
    },
    "texture": "2ffc541d-f79e-4d33-abba-95855f5dd228@6c48a",
    "packable": true,
    "pixelsToUnit": 100,
    "pivot": {
      "x": 0.5,
      "y": 0.5
    },
    "meshType": 0
  }
}