{
  "__type__": "cc.SpriteFrame",
  "content": {
    "name": "btn_add",
    "atlas": "",
    "rect": {
      "x": 2,
      "y": 1,
      "width": 83,
      "height": 87
    },
    "offset": {
      "x": 0,
      "y": -0.5
    },
    "originalSize": {
      "width": 87,
      "height": 88
    },
    "rotated": false,
    "capInsets": [
      0,
      0,
      0,
      0
    ],
    "vertices": {
      "rawPosition": [
        -41.5,
        -43.5,
        0,
        41.5,
        -43.5,
        0,
        -41.5,
        43.5,
        0,
        41.5,
        43.5,
        0
      ],
      "indexes": [
        0,
        1,
        2,
        2,
        1,
        3
      ],
      "uv": [
        2,
        87,
        85,
        87,
        2,
        0,
        85,
        0
      ],
      "nuv": [
        0.022988505747126436,
        0,
        0.9770114942528736,
        0,
        0.022988505747126436,
        0.9886363636363636,
        0.9770114942528736,
        0.9886363636363636
      ],
      "minPos": {
        "x": -41.5,
        "y": -43.5,
        "z": 0
      },
      "maxPos": {
        "x": 41.5,
        "y": 43.5,
        "z": 0
      }
    },
    "texture": "fede0b2c-e6cc-40f1-bf93-60ea3441fe0c@6c48a",
    "packable": true,
    "pixelsToUnit": 100,
    "pivot": {
      "x": 0.5,
      "y": 0.5
    },
    "meshType": 0
  }
}