{
  "__type__": "cc.SpriteFrame",
  "content": {
    "name": "word_hall_pertama",
    "atlas": "",
    "rect": {
      "x": 2,
      "y": 2,
      "width": 103,
      "height": 25
    },
    "offset": {
      "x": 0,
      "y": 0
    },
    "originalSize": {
      "width": 107,
      "height": 29
    },
    "rotated": false,
    "capInsets": [
      0,
      0,
      0,
      0
    ],
    "vertices": {
      "rawPosition": [
        -51.5,
        -12.5,
        0,
        51.5,
        -12.5,
        0,
        -51.5,
        12.5,
        0,
        51.5,
        12.5,
        0
      ],
      "indexes": [
        0,
        1,
        2,
        2,
        1,
        3
      ],
      "uv": [
        2,
        27,
        105,
        27,
        2,
        2,
        105,
        2
      ],
      "nuv": [
        0.018691588785046728,
        0.06896551724137931,
        0.9813084112149533,
        0.06896551724137931,
        0.018691588785046728,
        0.9310344827586207,
        0.9813084112149533,
        0.9310344827586207
      ],
      "minPos": {
        "x": -51.5,
        "y": -12.5,
        "z": 0
      },
      "maxPos": {
        "x": 51.5,
        "y": 12.5,
        "z": 0
      }
    },
    "texture": "22fa93f6-c0d5-43ed-b2c4-01027e32c95e@6c48a",
    "packable": true,
    "pixelsToUnit": 100,
    "pivot": {
      "x": 0.5,
      "y": 0.5
    },
    "meshType": 0
  }
}