{
  "__type__": "cc.SpriteFrame",
  "content": {
    "name": "bg_bank_uncheck",
    "atlas": "",
    "rect": {
      "x": 1,
      "y": 1,
      "width": 146,
      "height": 146
    },
    "offset": {
      "x": 0,
      "y": 0
    },
    "originalSize": {
      "width": 148,
      "height": 148
    },
    "rotated": false,
    "capInsets": [
      0,
      0,
      0,
      0
    ],
    "vertices": {
      "rawPosition": [
        -73,
        -73,
        0,
        73,
        -73,
        0,
        -73,
        73,
        0,
        73,
        73,
        0
      ],
      "indexes": [
        0,
        1,
        2,
        2,
        1,
        3
      ],
      "uv": [
        1,
        147,
        147,
        147,
        1,
        1,
        147,
        1
      ],
      "nuv": [
        0.006756756756756757,
        0.006756756756756757,
        0.9932432432432432,
        0.006756756756756757,
        0.006756756756756757,
        0.9932432432432432,
        0.9932432432432432,
        0.9932432432432432
      ],
      "minPos": {
        "x": -73,
        "y": -73,
        "z": 0
      },
      "maxPos": {
        "x": 73,
        "y": 73,
        "z": 0
      }
    },
    "texture": "88de3c59-e07b-46e6-b8d8-ed6a634a27ad@6c48a",
    "packable": true,
    "pixelsToUnit": 100,
    "pivot": {
      "x": 0.5,
      "y": 0.5
    },
    "meshType": 0
  }
}