{
  "__type__": "cc.SpriteFrame",
  "content": {
    "name": "loading16",
    "atlas": "",
    "rect": {
      "x": 213,
      "y": 66,
      "width": 137,
      "height": 110
    },
    "offset": {
      "x": 104,
      "y": 1
    },
    "originalSize": {
      "width": 355,
      "height": 244
    },
    "rotated": false,
    "capInsets": [
      0,
      0,
      0,
      0
    ],
    "vertices": {
      "rawPosition": [
        -68.5,
        -55,
        0,
        68.5,
        -55,
        0,
        -68.5,
        55,
        0,
        68.5,
        55,
        0
      ],
      "indexes": [
        0,
        1,
        2,
        2,
        1,
        3
      ],
      "uv": [
        213,
        178,
        350,
        178,
        213,
        68,
        350,
        68
      ],
      "nuv": [
        0.6,
        0.2786885245901639,
        0.9859154929577465,
        0.2786885245901639,
        0.6,
        0.7295081967213115,
        0.9859154929577465,
        0.7295081967213115
      ],
      "minPos": {
        "x": -68.5,
        "y": -55,
        "z": 0
      },
      "maxPos": {
        "x": 68.5,
        "y": 55,
        "z": 0
      }
    },
    "texture": "1643bccd-b3f4-4418-9ba3-ec42239102c3@6c48a",
    "packable": true,
    "pixelsToUnit": 100,
    "pivot": {
      "x": 0.5,
      "y": 0.5
    },
    "meshType": 0
  }
}