{
  "__type__": "cc.SpriteFrame",
  "content": {
    "name": "loading6",
    "atlas": "",
    "rect": {
      "x": 7,
      "y": 0,
      "width": 278,
      "height": 235
    },
    "offset": {
      "x": -31.5,
      "y": 4.5
    },
    "originalSize": {
      "width": 355,
      "height": 244
    },
    "rotated": false,
    "capInsets": [
      0,
      0,
      0,
      0
    ],
    "vertices": {
      "rawPosition": [
        -139,
        -117.5,
        0,
        139,
        -117.5,
        0,
        -139,
        117.5,
        0,
        139,
        117.5,
        0
      ],
      "indexes": [
        0,
        1,
        2,
        2,
        1,
        3
      ],
      "uv": [
        7,
        244,
        285,
        244,
        7,
        9,
        285,
        9
      ],
      "nuv": [
        0.01971830985915493,
        0.036885245901639344,
        0.8028169014084507,
        0.036885245901639344,
        0.01971830985915493,
        1,
        0.8028169014084507,
        1
      ],
      "minPos": {
        "x": -139,
        "y": -117.5,
        "z": 0
      },
      "maxPos": {
        "x": 139,
        "y": 117.5,
        "z": 0
      }
    },
    "texture": "629fc501-28b1-4d7f-88c6-d600ebe965bf@6c48a",
    "packable": true,
    "pixelsToUnit": 100,
    "pivot": {
      "x": 0.5,
      "y": 0.5
    },
    "meshType": 0
  }
}