{
  "__type__": "cc.SpriteFrame",
  "content": {
    "name": "shuzi_xiazhucishu_0",
    "atlas": "",
    "rect": {
      "x": 0,
      "y": 0,
      "width": 253,
      "height": 82
    },
    "offset": {
      "x": -1.5,
      "y": 87
    },
    "originalSize": {
      "width": 256,
      "height": 256
    },
    "rotated": false,
    "capInsets": [
      0,
      0,
      0,
      0
    ],
    "vertices": {
      "rawPosition": [
        -126.5,
        -41,
        0,
        126.5,
        -41,
        0,
        -126.5,
        41,
        0,
        126.5,
        41,
        0
      ],
      "indexes": [
        0,
        1,
        2,
        2,
        1,
        3
      ],
      "uv": [
        0,
        256,
        253,
        256,
        0,
        174,
        253,
        174
      ],
      "nuv": [
        0,
        0.6796875,
        0.98828125,
        0.6796875,
        0,
        1,
        0.98828125,
        1
      ],
      "minPos": {
        "x": -126.5,
        "y": -41,
        "z": 0
      },
      "maxPos": {
        "x": 126.5,
        "y": 41,
        "z": 0
      }
    },
    "texture": "bba6d10b-15d8-4e47-af05-a94c18d5756d@6c48a",
    "packable": true,
    "pixelsToUnit": 100,
    "pivot": {
      "x": 0.5,
      "y": 0.5
    },
    "meshType": 0
  }
}