{
  "__type__": "cc.SpriteFrame",
  "content": {
    "name": "heguan_yxx",
    "atlas": "",
    "rect": {
      "x": 10,
      "y": 0,
      "width": 450,
      "height": 149
    },
    "offset": {
      "x": 0,
      "y": 0
    },
    "originalSize": {
      "width": 470,
      "height": 149
    },
    "rotated": false,
    "capInsets": [
      0,
      0,
      0,
      0
    ],
    "vertices": {
      "rawPosition": [
        -225,
        -74.5,
        0,
        225,
        -74.5,
        0,
        -225,
        74.5,
        0,
        225,
        74.5,
        0
      ],
      "indexes": [
        0,
        1,
        2,
        2,
        1,
        3
      ],
      "uv": [
        10,
        149,
        460,
        149,
        10,
        0,
        460,
        0
      ],
      "nuv": [
        0.02127659574468085,
        0,
        0.9787234042553191,
        0,
        0.02127659574468085,
        1,
        0.9787234042553191,
        1
      ],
      "minPos": {
        "x": -225,
        "y": -74.5,
        "z": 0
      },
      "maxPos": {
        "x": 225,
        "y": 74.5,
        "z": 0
      }
    },
    "texture": "b7bcf63d-f8e6-4d69-a4f5-60604621b37e@6c48a",
    "packable": true,
    "pixelsToUnit": 100,
    "pivot": {
      "x": 0.5,
      "y": 0.5
    },
    "meshType": 0
  }
}