{
  "__type__": "cc.SpriteFrame",
  "content": {
    "name": "bg_slots_caozuo_box2",
    "atlas": "",
    "rect": {
      "x": 0,
      "y": 0,
      "width": 1624,
      "height": 83
    },
    "offset": {
      "x": 0,
      "y": 0.5
    },
    "originalSize": {
      "width": 1624,
      "height": 84
    },
    "rotated": false,
    "capInsets": [
      0,
      0,
      0,
      0
    ],
    "vertices": {
      "rawPosition": [
        -812,
        -41.5,
        0,
        812,
        -41.5,
        0,
        -812,
        41.5,
        0,
        812,
        41.5,
        0
      ],
      "indexes": [
        0,
        1,
        2,
        2,
        1,
        3
      ],
      "uv": [
        0,
        84,
        1624,
        84,
        0,
        1,
        1624,
        1
      ],
      "nuv": [
        0,
        0.011904761904761904,
        1,
        0.011904761904761904,
        0,
        1,
        1,
        1
      ],
      "minPos": {
        "x": -812,
        "y": -41.5,
        "z": 0
      },
      "maxPos": {
        "x": 812,
        "y": 41.5,
        "z": 0
      }
    },
    "texture": "7f5cad64-8cda-428b-ad0f-95377ec23388@6c48a",
    "packable": true,
    "pixelsToUnit": 100,
    "pivot": {
      "x": 0.5,
      "y": 0.5
    },
    "meshType": 0
  }
}