{
  "__type__": "cc.SpriteFrame",
  "content": {
    "name": "loading9",
    "atlas": "",
    "rect": {
      "x": 3,
      "y": 73,
      "width": 83,
      "height": 97
    },
    "offset": {
      "x": -133,
      "y": 0.5
    },
    "originalSize": {
      "width": 355,
      "height": 244
    },
    "rotated": false,
    "capInsets": [
      0,
      0,
      0,
      0
    ],
    "vertices": {
      "rawPosition": [
        -41.5,
        -48.5,
        0,
        41.5,
        -48.5,
        0,
        -41.5,
        48.5,
        0,
        41.5,
        48.5,
        0
      ],
      "indexes": [
        0,
        1,
        2,
        2,
        1,
        3
      ],
      "uv": [
        3,
        171,
        86,
        171,
        3,
        74,
        86,
        74
      ],
      "nuv": [
        0.008450704225352112,
        0.30327868852459017,
        0.24225352112676057,
        0.30327868852459017,
        0.008450704225352112,
        0.7008196721311475,
        0.24225352112676057,
        0.7008196721311475
      ],
      "minPos": {
        "x": -41.5,
        "y": -48.5,
        "z": 0
      },
      "maxPos": {
        "x": 41.5,
        "y": 48.5,
        "z": 0
      }
    },
    "texture": "7feb76ef-fbf3-41ac-8da0-2aba72e4457c@6c48a",
    "packable": true,
    "pixelsToUnit": 100,
    "pivot": {
      "x": 0.5,
      "y": 0.5
    },
    "meshType": 0
  }
}