{
  "__type__": "cc.SpriteFrame",
  "content": {
    "name": "btn_mail_delete",
    "atlas": "",
    "rect": {
      "x": 0,
      "y": 0,
      "width": 158,
      "height": 54
    },
    "offset": {
      "x": -1.5,
      "y": 1
    },
    "originalSize": {
      "width": 161,
      "height": 56
    },
    "rotated": false,
    "capInsets": [
      0,
      0,
      0,
      0
    ],
    "vertices": {
      "rawPosition": [
        -79,
        -27,
        0,
        79,
        -27,
        0,
        -79,
        27,
        0,
        79,
        27,
        0
      ],
      "indexes": [
        0,
        1,
        2,
        2,
        1,
        3
      ],
      "uv": [
        0,
        56,
        158,
        56,
        0,
        2,
        158,
        2
      ],
      "nuv": [
        0,
        0.03571428571428571,
        0.9813664596273292,
        0.03571428571428571,
        0,
        1,
        0.9813664596273292,
        1
      ],
      "minPos": {
        "x": -79,
        "y": -27,
        "z": 0
      },
      "maxPos": {
        "x": 79,
        "y": 27,
        "z": 0
      }
    },
    "texture": "3ac7eda2-2ed1-4d26-9bc1-6197fb8143d4@6c48a",
    "packable": true,
    "pixelsToUnit": 100,
    "pivot": {
      "x": 0.5,
      "y": 0.5
    },
    "meshType": 0
  }
}