{
  "__type__": "cc.SpriteFrame",
  "content": {
    "name": "bg_signIn_bg",
    "atlas": "",
    "rect": {
      "x": 2,
      "y": 5,
      "width": 765,
      "height": 725
    },
    "offset": {
      "x": -0.5,
      "y": -2.5
    },
    "originalSize": {
      "width": 770,
      "height": 730
    },
    "rotated": false,
    "capInsets": [
      0,
      0,
      0,
      0
    ],
    "vertices": {
      "rawPosition": [
        -382.5,
        -362.5,
        0,
        382.5,
        -362.5,
        0,
        -382.5,
        362.5,
        0,
        382.5,
        362.5,
        0
      ],
      "indexes": [
        0,
        1,
        2,
        2,
        1,
        3
      ],
      "uv": [
        2,
        725,
        767,
        725,
        2,
        0,
        767,
        0
      ],
      "nuv": [
        0.0025974025974025974,
        0,
        0.9961038961038962,
        0,
        0.0025974025974025974,
        0.9931506849315068,
        0.9961038961038962,
        0.9931506849315068
      ],
      "minPos": {
        "x": -382.5,
        "y": -362.5,
        "z": 0
      },
      "maxPos": {
        "x": 382.5,
        "y": 362.5,
        "z": 0
      }
    },
    "texture": "1bbe55a0-9744-46d2-ae52-7934f45acb36@6c48a",
    "packable": true,
    "pixelsToUnit": 100,
    "pivot": {
      "x": 0.5,
      "y": 0.5
    },
    "meshType": 0
  }
}