{
  "__type__": "cc.SpriteFrame",
  "content": {
    "name": "bg_dt_vip",
    "atlas": "",
    "rect": {
      "x": 3,
      "y": 2,
      "width": 1056,
      "height": 590
    },
    "offset": {
      "x": 0,
      "y": 0.5
    },
    "originalSize": {
      "width": 1062,
      "height": 595
    },
    "rotated": false,
    "capInsets": [
      0,
      0,
      0,
      0
    ],
    "vertices": {
      "rawPosition": [
        -528,
        -295,
        0,
        528,
        -295,
        0,
        -528,
        295,
        0,
        528,
        295,
        0
      ],
      "indexes": [
        0,
        1,
        2,
        2,
        1,
        3
      ],
      "uv": [
        3,
        593,
        1059,
        593,
        3,
        3,
        1059,
        3
      ],
      "nuv": [
        0.002824858757062147,
        0.005042016806722689,
        0.9971751412429378,
        0.005042016806722689,
        0.002824858757062147,
        0.9966386554621849,
        0.9971751412429378,
        0.9966386554621849
      ],
      "minPos": {
        "x": -528,
        "y": -295,
        "z": 0
      },
      "maxPos": {
        "x": 528,
        "y": 295,
        "z": 0
      }
    },
    "texture": "1dc685a6-44d3-4590-87fd-d33ec152fe67@6c48a",
    "packable": true,
    "pixelsToUnit": 100,
    "pivot": {
      "x": 0.5,
      "y": 0.5
    },
    "meshType": 0
  }
}