{
  "__type__": "cc.SpriteFrame",
  "content": {
    "name": "deng_1",
    "atlas": "",
    "rect": {
      "x": 0,
      "y": 6,
      "width": 904,
      "height": 52
    },
    "offset": {
      "x": 0,
      "y": -2.5
    },
    "originalSize": {
      "width": 904,
      "height": 59
    },
    "rotated": false,
    "capInsets": [
      0,
      0,
      0,
      0
    ],
    "vertices": {
      "rawPosition": [
        -452,
        -26,
        0,
        452,
        -26,
        0,
        -452,
        26,
        0,
        452,
        26,
        0
      ],
      "indexes": [
        0,
        1,
        2,
        2,
        1,
        3
      ],
      "uv": [
        0,
        53,
        904,
        53,
        0,
        1,
        904,
        1
      ],
      "nuv": [
        0,
        0.01694915254237288,
        1,
        0.01694915254237288,
        0,
        0.8983050847457628,
        1,
        0.8983050847457628
      ],
      "minPos": {
        "x": -452,
        "y": -26,
        "z": 0
      },
      "maxPos": {
        "x": 452,
        "y": 26,
        "z": 0
      }
    },
    "texture": "105e3f2a-a26f-45ab-a66a-6a0f65c6394e@6c48a",
    "packable": true,
    "pixelsToUnit": 100,
    "pivot": {
      "x": 0.5,
      "y": 0.5
    },
    "meshType": 0
  }
}