{
  "__type__": "cc.SpriteFrame",
  "content": {
    "name": "bg_award_box1",
    "atlas": "",
    "rect": {
      "x": 1,
      "y": 0,
      "width": 187,
      "height": 183
    },
    "offset": {
      "x": 0,
      "y": 1
    },
    "originalSize": {
      "width": 189,
      "height": 185
    },
    "rotated": false,
    "capInsets": [
      25,
      25,
      26,
      26
    ],
    "vertices": {
      "rawPosition": [
        -93.5,
        -91.5,
        0,
        93.5,
        -91.5,
        0,
        -93.5,
        91.5,
        0,
        93.5,
        91.5,
        0
      ],
      "indexes": [
        0,
        1,
        2,
        2,
        1,
        3
      ],
      "uv": [
        1,
        185,
        188,
        185,
        1,
        2,
        188,
        2
      ],
      "nuv": [
        0.005291005291005291,
        0.010810810810810811,
        0.9947089947089947,
        0.010810810810810811,
        0.005291005291005291,
        1,
        0.9947089947089947,
        1
      ],
      "minPos": {
        "x": -93.5,
        "y": -91.5,
        "z": 0
      },
      "maxPos": {
        "x": 93.5,
        "y": 91.5,
        "z": 0
      }
    },
    "texture": "9a4c3962-53cf-41a0-901d-a6c6b440467c@6c48a",
    "packable": true,
    "pixelsToUnit": 100,
    "pivot": {
      "x": 0.5,
      "y": 0.5
    },
    "meshType": 0
  }
}