{
  "__type__": "cc.SpriteFrame",
  "content": {
    "name": "num_shop_num_0",
    "atlas": "",
    "rect": {
      "x": 1,
      "y": 1,
      "width": 146,
      "height": 16
    },
    "offset": {
      "x": -182,
      "y": 119
    },
    "originalSize": {
      "width": 512,
      "height": 256
    },
    "rotated": false,
    "capInsets": [
      0,
      0,
      0,
      0
    ],
    "vertices": {
      "rawPosition": [
        -73,
        -8,
        0,
        73,
        -8,
        0,
        -73,
        8,
        0,
        73,
        8,
        0
      ],
      "indexes": [
        0,
        1,
        2,
        2,
        1,
        3
      ],
      "uv": [
        1,
        255,
        147,
        255,
        1,
        239,
        147,
        239
      ],
      "nuv": [
        0.001953125,
        0.93359375,
        0.287109375,
        0.93359375,
        0.001953125,
        0.99609375,
        0.287109375,
        0.99609375
      ],
      "minPos": {
        "x": -73,
        "y": -8,
        "z": 0
      },
      "maxPos": {
        "x": 73,
        "y": 8,
        "z": 0
      }
    },
    "texture": "4fc9118c-01d9-4cad-8f59-7f211c9a4d61@6c48a",
    "packable": true,
    "pixelsToUnit": 100,
    "pivot": {
      "x": 0.5,
      "y": 0.5
    },
    "meshType": 0
  }
}