{
  "__type__": "cc.SpriteFrame",
  "content": {
    "name": "panel_login_bg",
    "atlas": "",
    "rect": {
      "x": 1,
      "y": 0,
      "width": 973,
      "height": 703
    },
    "offset": {
      "x": 0.5,
      "y": 0
    },
    "originalSize": {
      "width": 974,
      "height": 703
    },
    "rotated": false,
    "capInsets": [
      0,
      0,
      0,
      0
    ],
    "vertices": {
      "rawPosition": [
        -486.5,
        -351.5,
        0,
        486.5,
        -351.5,
        0,
        -486.5,
        351.5,
        0,
        486.5,
        351.5,
        0
      ],
      "indexes": [
        0,
        1,
        2,
        2,
        1,
        3
      ],
      "uv": [
        1,
        703,
        974,
        703,
        1,
        0,
        974,
        0
      ],
      "nuv": [
        0.001026694045174538,
        0,
        1,
        0,
        0.001026694045174538,
        1,
        1,
        1
      ],
      "minPos": {
        "x": -486.5,
        "y": -351.5,
        "z": 0
      },
      "maxPos": {
        "x": 486.5,
        "y": 351.5,
        "z": 0
      }
    },
    "texture": "5105e8f5-1d90-40e6-98cb-fa5449074163@6c48a",
    "packable": true,
    "pixelsToUnit": 100,
    "pivot": {
      "x": 0.5,
      "y": 0.5
    },
    "meshType": 0
  }
}