{
  "__type__": "cc.SpriteFrame",
  "content": {
    "name": "word_login_login",
    "atlas": "",
    "rect": {
      "x": 1,
      "y": 1,
      "width": 198,
      "height": 60
    },
    "offset": {
      "x": 0.5,
      "y": 0
    },
    "originalSize": {
      "width": 199,
      "height": 62
    },
    "rotated": false,
    "capInsets": [
      0,
      0,
      0,
      0
    ],
    "vertices": {
      "rawPosition": [
        -99,
        -30,
        0,
        99,
        -30,
        0,
        -99,
        30,
        0,
        99,
        30,
        0
      ],
      "indexes": [
        0,
        1,
        2,
        2,
        1,
        3
      ],
      "uv": [
        1,
        61,
        199,
        61,
        1,
        1,
        199,
        1
      ],
      "nuv": [
        0.005025125628140704,
        0.016129032258064516,
        1,
        0.016129032258064516,
        0.005025125628140704,
        0.9838709677419355,
        1,
        0.9838709677419355
      ],
      "minPos": {
        "x": -99,
        "y": -30,
        "z": 0
      },
      "maxPos": {
        "x": 99,
        "y": 30,
        "z": 0
      }
    },
    "texture": "513e6637-4135-407c-9b60-53eb0ddada03@6c48a",
    "packable": true,
    "pixelsToUnit": 100,
    "pivot": {
      "x": 0.5,
      "y": 0.5
    },
    "meshType": 0
  }
}