{
  "__type__": "cc.SpriteFrame",
  "content": {
    "name": "cutdownTime_0",
    "atlas": "",
    "rect": {
      "x": 1,
      "y": 3,
      "width": 117,
      "height": 50
    },
    "offset": {
      "x": -4.5,
      "y": 36
    },
    "originalSize": {
      "width": 128,
      "height": 128
    },
    "rotated": false,
    "capInsets": [
      0,
      0,
      0,
      0
    ],
    "vertices": {
      "rawPosition": [
        -58.5,
        -25,
        0,
        58.5,
        -25,
        0,
        -58.5,
        25,
        0,
        58.5,
        25,
        0
      ],
      "indexes": [
        0,
        1,
        2,
        2,
        1,
        3
      ],
      "uv": [
        1,
        125,
        118,
        125,
        1,
        75,
        118,
        75
      ],
      "nuv": [
        0.0078125,
        0.5859375,
        0.921875,
        0.5859375,
        0.0078125,
        0.9765625,
        0.921875,
        0.9765625
      ],
      "minPos": {
        "x": -58.5,
        "y": -25,
        "z": 0
      },
      "maxPos": {
        "x": 58.5,
        "y": 25,
        "z": 0
      }
    },
    "texture": "677ab26e-0137-43fa-aec8-8c421509da63@6c48a",
    "packable": true,
    "pixelsToUnit": 100,
    "pivot": {
      "x": 0.5,
      "y": 0.5
    },
    "meshType": 0
  }
}