{
  "__type__": "cc.SpriteFrame",
  "content": {
    "name": "fire",
    "atlas": "",
    "rect": {
      "x": 1,
      "y": 1,
      "width": 29,
      "height": 29
    },
    "offset": {
      "x": -0.5,
      "y": 0.5
    },
    "originalSize": {
      "width": 32,
      "height": 32
    },
    "rotated": false,
    "capInsets": [
      0,
      0,
      0,
      0
    ],
    "vertices": {
      "rawPosition": [
        -14.5,
        -14.5,
        0,
        14.5,
        -14.5,
        0,
        -14.5,
        14.5,
        0,
        14.5,
        14.5,
        0
      ],
      "indexes": [
        0,
        1,
        2,
        2,
        1,
        3
      ],
      "uv": [
        1,
        31,
        30,
        31,
        1,
        2,
        30,
        2
      ],
      "nuv": [
        0.03125,
        0.0625,
        0.9375,
        0.0625,
        0.03125,
        0.96875,
        0.9375,
        0.96875
      ],
      "minPos": {
        "x": -14.5,
        "y": -14.5,
        "z": 0
      },
      "maxPos": {
        "x": 14.5,
        "y": 14.5,
        "z": 0
      }
    },
    "texture": "924d5f73-3073-4151-89d6-ab143c5ab515@6c48a",
    "packable": true,
    "pixelsToUnit": 100,
    "pivot": {
      "x": 0.5,
      "y": 0.5
    },
    "meshType": 0
  }
}