{
  "__type__": "cc.SpriteFrame",
  "content": {
    "name": "spr_aktivitas_title",
    "atlas": "",
    "rect": {
      "x": 2,
      "y": 2,
      "width": 182,
      "height": 76
    },
    "offset": {
      "x": 0,
      "y": -0.5
    },
    "originalSize": {
      "width": 186,
      "height": 79
    },
    "rotated": false,
    "capInsets": [
      0,
      0,
      0,
      0
    ],
    "vertices": {
      "rawPosition": [
        -91,
        -38,
        0,
        91,
        -38,
        0,
        -91,
        38,
        0,
        91,
        38,
        0
      ],
      "indexes": [
        0,
        1,
        2,
        2,
        1,
        3
      ],
      "uv": [
        2,
        77,
        184,
        77,
        2,
        1,
        184,
        1
      ],
      "nuv": [
        0.010752688172043012,
        0.012658227848101266,
        0.989247311827957,
        0.012658227848101266,
        0.010752688172043012,
        0.9746835443037974,
        0.989247311827957,
        0.9746835443037974
      ],
      "minPos": {
        "x": -91,
        "y": -38,
        "z": 0
      },
      "maxPos": {
        "x": 91,
        "y": 38,
        "z": 0
      }
    },
    "texture": "92659809-4c56-429a-b4f6-6196583f7aca@6c48a",
    "packable": true,
    "pixelsToUnit": 100,
    "pivot": {
      "x": 0.5,
      "y": 0.5
    },
    "meshType": 0
  }
}