{
  "__type__": "cc.SpriteFrame",
  "content": {
    "name": "spr_aktivitas_title",
    "atlas": "",
    "rect": {
      "x": 2,
      "y": 2,
      "width": 210,
      "height": 77
    },
    "offset": {
      "x": -0.5,
      "y": -0.5
    },
    "originalSize": {
      "width": 215,
      "height": 80
    },
    "rotated": false,
    "capInsets": [
      0,
      0,
      0,
      0
    ],
    "vertices": {
      "rawPosition": [
        -105,
        -38.5,
        0,
        105,
        -38.5,
        0,
        -105,
        38.5,
        0,
        105,
        38.5,
        0
      ],
      "indexes": [
        0,
        1,
        2,
        2,
        1,
        3
      ],
      "uv": [
        2,
        78,
        212,
        78,
        2,
        1,
        212,
        1
      ],
      "nuv": [
        0.009302325581395349,
        0.0125,
        0.986046511627907,
        0.0125,
        0.009302325581395349,
        0.975,
        0.986046511627907,
        0.975
      ],
      "minPos": {
        "x": -105,
        "y": -38.5,
        "z": 0
      },
      "maxPos": {
        "x": 105,
        "y": 38.5,
        "z": 0
      }
    },
    "texture": "92659809-4c56-429a-b4f6-6196583f7aca@6c48a",
    "packable": true,
    "pixelsToUnit": 100,
    "pivot": {
      "x": 0.5,
      "y": 0.5
    },
    "meshType": 0
  }
}