{
  "__type__": "cc.SpriteFrame",
  "content": {
    "name": "font_gift_word_0",
    "atlas": "",
    "rect": {
      "x": 1,
      "y": 1,
      "width": 488,
      "height": 160
    },
    "offset": {
      "x": -11,
      "y": 175
    },
    "originalSize": {
      "width": 512,
      "height": 512
    },
    "rotated": false,
    "capInsets": [
      0,
      0,
      0,
      0
    ],
    "vertices": {
      "rawPosition": [
        -244,
        -80,
        0,
        244,
        -80,
        0,
        -244,
        80,
        0,
        244,
        80,
        0
      ],
      "indexes": [
        0,
        1,
        2,
        2,
        1,
        3
      ],
      "uv": [
        1,
        511,
        489,
        511,
        1,
        351,
        489,
        351
      ],
      "nuv": [
        0.001953125,
        0.685546875,
        0.955078125,
        0.685546875,
        0.001953125,
        0.998046875,
        0.955078125,
        0.998046875
      ],
      "minPos": {
        "x": -244,
        "y": -80,
        "z": 0
      },
      "maxPos": {
        "x": 244,
        "y": 80,
        "z": 0
      }
    },
    "texture": "13e78baa-f5b3-4b69-9160-9fcff4889439@6c48a",
    "packable": true,
    "pixelsToUnit": 100,
    "pivot": {
      "x": 0.5,
      "y": 0.5
    },
    "meshType": 0
  }
}