{
  "__type__": "cc.SpriteFrame",
  "content": {
    "name": "loading3",
    "atlas": "",
    "rect": {
      "x": 171,
      "y": 51,
      "width": 172,
      "height": 139
    },
    "offset": {
      "x": 79.5,
      "y": 1.5
    },
    "originalSize": {
      "width": 355,
      "height": 244
    },
    "rotated": false,
    "capInsets": [
      0,
      0,
      0,
      0
    ],
    "vertices": {
      "rawPosition": [
        -86,
        -69.5,
        0,
        86,
        -69.5,
        0,
        -86,
        69.5,
        0,
        86,
        69.5,
        0
      ],
      "indexes": [
        0,
        1,
        2,
        2,
        1,
        3
      ],
      "uv": [
        171,
        193,
        343,
        193,
        171,
        54,
        343,
        54
      ],
      "nuv": [
        0.48169014084507045,
        0.22131147540983606,
        0.9661971830985916,
        0.22131147540983606,
        0.48169014084507045,
        0.7909836065573771,
        0.9661971830985916,
        0.7909836065573771
      ],
      "minPos": {
        "x": -86,
        "y": -69.5,
        "z": 0
      },
      "maxPos": {
        "x": 86,
        "y": 69.5,
        "z": 0
      }
    },
    "texture": "1f0fb630-bdc9-42a0-b682-0fe9eee51d00@6c48a",
    "packable": true,
    "pixelsToUnit": 100,
    "pivot": {
      "x": 0.5,
      "y": 0.5
    },
    "meshType": 0
  }
}