{
  "__type__": "cc.SpriteFrame",
  "content": {
    "name": "bg_you",
    "atlas": "",
    "rect": {
      "x": 17,
      "y": 0,
      "width": 205,
      "height": 750
    },
    "offset": {
      "x": 8.5,
      "y": 0
    },
    "originalSize": {
      "width": 222,
      "height": 750
    },
    "rotated": false,
    "capInsets": [
      0,
      0,
      0,
      0
    ],
    "vertices": {
      "rawPosition": [
        -102.5,
        -375,
        0,
        102.5,
        -375,
        0,
        -102.5,
        375,
        0,
        102.5,
        375,
        0
      ],
      "indexes": [
        0,
        1,
        2,
        2,
        1,
        3
      ],
      "uv": [
        17,
        750,
        222,
        750,
        17,
        0,
        222,
        0
      ],
      "nuv": [
        0.07657657657657657,
        0,
        1,
        0,
        0.07657657657657657,
        1,
        1,
        1
      ],
      "minPos": {
        "x": -102.5,
        "y": -375,
        "z": 0
      },
      "maxPos": {
        "x": 102.5,
        "y": 375,
        "z": 0
      }
    },
    "texture": "1f268ad2-56a6-4344-97c7-45e71223ed4d@6c48a",
    "packable": true,
    "pixelsToUnit": 100,
    "pivot": {
      "x": 0.5,
      "y": 0.5
    },
    "meshType": 0
  }
}