{
  "__type__": "cc.SpriteFrame",
  "content": {
    "name": "huodongzhuti",
    "atlas": "",
    "rect": {
      "x": 0,
      "y": 0,
      "width": 445,
      "height": 125
    },
    "offset": {
      "x": -0.5,
      "y": 0.5
    },
    "originalSize": {
      "width": 446,
      "height": 126
    },
    "rotated": false,
    "capInsets": [
      0,
      0,
      0,
      0
    ],
    "vertices": {
      "rawPosition": [
        -222.5,
        -62.5,
        0,
        222.5,
        -62.5,
        0,
        -222.5,
        62.5,
        0,
        222.5,
        62.5,
        0
      ],
      "indexes": [
        0,
        1,
        2,
        2,
        1,
        3
      ],
      "uv": [
        0,
        126,
        445,
        126,
        0,
        1,
        445,
        1
      ],
      "nuv": [
        0,
        0.007936507936507936,
        0.9977578475336323,
        0.007936507936507936,
        0,
        1,
        0.9977578475336323,
        1
      ],
      "minPos": {
        "x": -222.5,
        "y": -62.5,
        "z": 0
      },
      "maxPos": {
        "x": 222.5,
        "y": 62.5,
        "z": 0
      }
    },
    "texture": "1f765ad0-3cae-42d6-9712-197c65499aef@6c48a",
    "packable": true,
    "pixelsToUnit": 100,
    "pivot": {
      "x": 0.5,
      "y": 0.5
    },
    "meshType": 0
  }
}