{
  "__type__": "cc.SpriteFrame",
  "content": {
    "name": "icon_dt_loading_2",
    "atlas": "",
    "rect": {
      "x": 0,
      "y": 0,
      "width": 322,
      "height": 26
    },
    "offset": {
      "x": -4,
      "y": 0
    },
    "originalSize": {
      "width": 330,
      "height": 26
    },
    "rotated": false,
    "capInsets": [
      30,
      0,
      30,
      0
    ],
    "vertices": {
      "rawPosition": [
        -161,
        -13,
        0,
        161,
        -13,
        0,
        -161,
        13,
        0,
        161,
        13,
        0
      ],
      "indexes": [
        0,
        1,
        2,
        2,
        1,
        3
      ],
      "uv": [
        0,
        26,
        322,
        26,
        0,
        0,
        322,
        0
      ],
      "nuv": [
        0,
        0,
        0.9757575757575757,
        0,
        0,
        1,
        0.9757575757575757,
        1
      ],
      "minPos": {
        "x": -161,
        "y": -13,
        "z": 0
      },
      "maxPos": {
        "x": 161,
        "y": 13,
        "z": 0
      }
    },
    "texture": "86891ee8-c63f-42cb-9653-538851db8b56@6c48a",
    "packable": true,
    "pixelsToUnit": 100,
    "pivot": {
      "x": 0.5,
      "y": 0.5
    },
    "meshType": 0
  }
}