{
  "__type__": "cc.SpriteFrame",
  "content": {
    "name": "btn_common_in",
    "atlas": "",
    "rect": {
      "x": 6,
      "y": 0,
      "width": 260,
      "height": 72
    },
    "offset": {
      "x": 2,
      "y": 0
    },
    "originalSize": {
      "width": 268,
      "height": 72
    },
    "rotated": false,
    "capInsets": [
      0,
      0,
      0,
      0
    ],
    "vertices": {
      "rawPosition": [
        -130,
        -36,
        0,
        130,
        -36,
        0,
        -130,
        36,
        0,
        130,
        36,
        0
      ],
      "indexes": [
        0,
        1,
        2,
        2,
        1,
        3
      ],
      "uv": [
        6,
        72,
        266,
        72,
        6,
        0,
        266,
        0
      ],
      "nuv": [
        0.022388059701492536,
        0,
        0.9925373134328358,
        0,
        0.022388059701492536,
        1,
        0.9925373134328358,
        1
      ],
      "minPos": {
        "x": -130,
        "y": -36,
        "z": 0
      },
      "maxPos": {
        "x": 130,
        "y": 36,
        "z": 0
      }
    },
    "texture": "989c7e9d-7e37-48fe-bce5-ef379c908bde@6c48a",
    "packable": true,
    "pixelsToUnit": 100,
    "pivot": {
      "x": 0.5,
      "y": 0.5
    },
    "meshType": 0
  }
}