{
  "__type__": "cc.SpriteFrame",
  "content": {
    "name": "Gaji seumur hidup_ Menjadi VIP dan menerima uang seumur hidip",
    "atlas": "",
    "rect": {
      "x": 1,
      "y": 0,
      "width": 649,
      "height": 29
    },
    "offset": {
      "x": 0,
      "y": 0
    },
    "originalSize": {
      "width": 651,
      "height": 29
    },
    "rotated": false,
    "capInsets": [
      0,
      0,
      0,
      0
    ],
    "vertices": {
      "rawPosition": [
        -324.5,
        -14.5,
        0,
        324.5,
        -14.5,
        0,
        -324.5,
        14.5,
        0,
        324.5,
        14.5,
        0
      ],
      "indexes": [
        0,
        1,
        2,
        2,
        1,
        3
      ],
      "uv": [
        1,
        29,
        650,
        29,
        1,
        0,
        650,
        0
      ],
      "nuv": [
        0.0015360983102918587,
        0,
        0.9984639016897081,
        0,
        0.0015360983102918587,
        1,
        0.9984639016897081,
        1
      ],
      "minPos": {
        "x": -324.5,
        "y": -14.5,
        "z": 0
      },
      "maxPos": {
        "x": 324.5,
        "y": 14.5,
        "z": 0
      }
    },
    "texture": "b418866a-9959-4efc-befe-f2ee2055a372@6c48a",
    "packable": true,
    "pixelsToUnit": 100,
    "pivot": {
      "x": 0.5,
      "y": 0.5
    },
    "meshType": 0
  }
}