{
  "__type__": "cc.SpriteFrame",
  "content": {
    "name": "img_turn_win_light",
    "atlas": "",
    "rect": {
      "x": 66,
      "y": 50,
      "width": 468,
      "height": 495
    },
    "offset": {
      "x": 0,
      "y": 2.5
    },
    "originalSize": {
      "width": 600,
      "height": 600
    },
    "rotated": false,
    "capInsets": [
      0,
      0,
      0,
      0
    ],
    "vertices": {
      "rawPosition": [
        -234,
        -247.5,
        0,
        234,
        -247.5,
        0,
        -234,
        247.5,
        0,
        234,
        247.5,
        0
      ],
      "indexes": [
        0,
        1,
        2,
        2,
        1,
        3
      ],
      "uv": [
        66,
        550,
        534,
        550,
        66,
        55,
        534,
        55
      ],
      "nuv": [
        0.11,
        0.09166666666666666,
        0.89,
        0.09166666666666666,
        0.11,
        0.9166666666666666,
        0.89,
        0.9166666666666666
      ],
      "minPos": {
        "x": -234,
        "y": -247.5,
        "z": 0
      },
      "maxPos": {
        "x": 234,
        "y": 247.5,
        "z": 0
      }
    },
    "texture": "b4d9fe3e-b1ba-4813-b8fd-b80ca9aa6be9@6c48a",
    "packable": true,
    "pixelsToUnit": 100,
    "pivot": {
      "x": 0.5,
      "y": 0.5
    },
    "meshType": 0
  }
}